"Session ID","Date","Day","Start time (EDT)","End time (EDT)","Timezone","Duration (minutes)","Track","Room","Session title","Session type","Attendance format","Full description","Short summary","Description status","Speakers (name; role; company)","Speaker LinkedIn profiles","Speaker biographies","Participants named in title","Notes","Source URL","Scraped at (UTC)"
"439532","2026-09-28","Monday","08:00","09:00","EDT (UTC-04:00); America/New_York","60","Women’s Summit","The Glasshouse","Breakfast & Registration","Other","IN_PERSON","","","No description published","","","","","","https://apiro.accelevents.com/r/events/gtm2026/session/439532?expand=","Tue Sep 22 2026 12:39:59 GMT-0400 (Eastern Daylight Time)"
"439130","2026-09-28","Monday","09:00","09:10","EDT (UTC-04:00); America/New_York","10","Women’s Summit","Main Stage","Opening Remarks","Keynote Session","IN_PERSON","","How Women of Pavilion started and how it has evolved. Also, what to expect for the day and norms to uphold.","Short summary only","Rachel Krug; Co-Chair, Women of Pavilion; ","Rachel Krug: http://linkedin.com/in/rachelakrug","Rachel Krug: Not published","","","https://apiro.accelevents.com/r/events/gtm2026/session/439130?expand=","Tue Sep 22 2026 12:39:58 GMT-0400 (Eastern Daylight Time)"
"439136","2026-09-28","Monday","09:15","10:00","EDT (UTC-04:00); America/New_York","45","Women’s Summit","Main Stage","Beyond the Handshake: Building Influence Through Relationships and Networking","Keynote Session","IN_PERSON","The strongest careers are built through trusted relationships, not the largest contact lists. In this session, Michelle Ji Yeun Kim, Rachel Rozen, and Yara Ohashi, explore how high impact GTM leaders build influence through authentic connections, strategic generosity, and long term relationship building. Learn how to expand your visibility, strengthen your executive presence, and create a network that opens doors, accelerates opportunities, and supports your career for years to come. You do not need a bigger network. You need a deeper one.","Explore how high impact GTM leaders build influence through authentic connections, strategic generosity, and long term relationship building.","Full description published","Yara Ohashi; VP, Growth Marketing; G2
Rachel Rozen; Networking Coach, Speaker & Founder; Connection Catalyst
Michelle Ji-Yeun Kim; Board Member; Women in Revenue","Yara Ohashi: http://linkedin.com/in/yara-ohashi-34572b150
Rachel Rozen: http://linkedin.com/in/rachel-rozen
Michelle Ji-Yeun Kim: http://linkedin.com/in/michellejykim","Yara Ohashi: Yara Ohashi is VP of Growth Marketing at G2, the world's largest B2B software marketplace, with more than 20 years of experience building growth strategies and high performing teams at companies including Salesforce, Zoom, Expedia, and Getty Images. A builder at heart, she has spent her career proving that the best way to earn a seat at the table is to be the person others can count on — curious, data-driven, and genuinely invested in the people around her — and is passionate about building teams and businesses where people can thrive.

Rachel Rozen: Rachel Rozen is a networking coach, speaker, and founder of Connection Catalyst. After transforming her own career through more than 300 conversations in a single year, she discovered that relationships are often the missing ingredient behind career growth, leadership effectiveness, and opportunity creation. Drawing on a career spanning hospitality, customer success, and entrepreneurship, Rachel works with leaders, teams, and organizations to strengthen relationships, increase influence, and unlock opportunities through intentional networking. Today, she helps professionals build meaningful connections and stronger networks through keynotes, workshops, coaching, and community-building experiences.

Michelle Ji-Yeun Kim: MK (Michelle Ji-Yeun Kim) is Postman's Head of Field Operations and a UC Berkeley Haas-trained Executive Coach passionate about seeing more women in GTM leadership roles. She has 16+ years of experience at B2B tech companies across all Go-To-Market functions including Revenue Operations, Sales, Marketing, and Customer Success. In her free time, Michelle serves as a non-profit Board Member for Women in Revenue, hosts a podcast called Breaking the Tech Ceiling, and is a mahjong tournament champion.","","","https://apiro.accelevents.com/r/events/gtm2026/session/439136?expand=","Tue Sep 22 2026 12:39:58 GMT-0400 (Eastern Daylight Time)"
"439139","2026-09-28","Monday","10:05","10:35","EDT (UTC-04:00); America/New_York","30","Women’s Summit","Main Stage","Leadership Without Self Abandonment","Keynote Session","IN_PERSON","Leadership Without Self Abandonment brings together Lilah Jones, Shannon Plumb, and Alice Heiman for a candid conversation about what it takes to lead, grow revenue, and stay connected to yourself in high pressure environments. This panel will explore how inner critics, external expectations, and constant performance pressure can pull leaders away from their own judgment. Attendees will walk away with practical ways to reclaim their inner voice, protect their energy, and lead with conviction without sacrificing themselves in the process.","A candid conversation about what it takes to lead, grow revenue, and stay connected to yourself in high pressure environments.","Full description published","Hannah Ajikawo; CSO - Enablement Services; Revenue Funnel
Kendra Morales; Head of GTM & Operations; Captivate Talent
Alice Heiman; Chief Sales Energizer; Alice Heiman, LLC
Shannon Plumb; CEO & Founder; Purl Advisors
Lilah Jones; Speaker, Facilitator, Coach; LilahJones.com","Hannah Ajikawo: Not published
Kendra Morales: http://linkedin.com/in/kendraleighmorales
Alice Heiman: http://linkedin.com/in/aliceheiman
Shannon Plumb: http://linkedin.com/in/shannonplumb
Lilah Jones: http://linkedin.com/in/lilahjones","Hannah Ajikawo: Not published

Kendra Morales: Kendra Morales is the Head of GTM & Operations at Captivate Talent, where she helps founders build the leadership teams behind high-growth SaaS companies. After decades in executive search, she's watched brilliant products fail and average ideas become category leaders, and she's convinced the difference is almost always leadership.

Her own path has been anything but traditional. While building a successful recruiting career, she also served in Army Intelligence, founded and led a nonprofit supporting homeless and working-poor families for eight years, and volunteered teaching yoga and meditation in correctional facilities. Those experiences shaped a perspective she brings to every founder, leader, and team she works with: great companies are built by leaders who know how to recognize potential, challenge it, and help it grow.

Alice Heiman: As Chief Sales Energizer, Alice is internationally known for her expertise in elevating sales to increase valuation for companies with a B2B sale that have exceptional growth potential. Spending her time strategizing with CEOs, company leaders and their sales leadership to build the strategies that find new business and grow existing accounts is her passion.  Her clients love her spirit and the way she energizes their sales organization. She’s the host of the popular podcast, Sales Talk for CEOs. Alice dedicates time to local entrepreneurs and has been teaching at the University of Nevada in the entrepreneurship minor which she helped inspire. Alice also serves on the board of several growing companies to energize and elevate their sales. When she is not guiding CEOs to elevate their sales, she can be found hanging out with her family, walking, snow skiing, sailing in Lake Tahoe, volunteering in the community, or reading a book in her backyard.

Shannon Plumb: Shannon Plumb spent her first career on stage as a professional ballerina, then spent the next twenty years proving the same discipline that works in performance also works in revenue. She was an executive leader through three exits, scaling companies from $1M to $30M+ ARR and generating over $100M along the way.

Now as the founder of Purl Advisors, she helps companies scale with GTM strategy and coaches women through the inflection points that quietly decide everything else. She's Head of Community for Women in Sales, an adjunct professor at the University of Colorado Leeds School of Business, and a Techstars All-Star Mentor. Her new podcast, """"""""The Real T,"""""""" launches in October.

Authenticity isn't a soft skill. It's the strategy.

Lilah Jones: Lilah Jones spent nearly a decade as a founding member of Google Cloud's sales organization, helping grow the business from startup to a $106B enterprise powerhouse. During her 20+ year career in Big Tech, including leadership roles at Google, Microsoft, and Oracle, she worked with Fortune 500 organizations navigating some of the most significant transformations in business.

At Google, Lilah also became a trusted facilitator of psychological safety, helping leaders create environments where people feel empowered to contribute, collaborate, and perform at their highest level.

Despite a career filled with success, Lilah discovered that achievement alone doesn't guarantee fulfillment. That realization led her to develop The Activation Methodology™, a leadership framework that helps individuals and teams move from uncertainty to action, from hesitation to confidence, and from potential to meaningful impact.

Today, Lilah is a keynote speaker, leadership expert, and executive coach who has helped thousands of professionals navigate change, strengthen their leadership, and align their success with what matters most.

Her work combines Fortune 100 business experience, leadership development, and practical tools for personal transformation, helping audiences create results that are sustainable, meaningful, and lasting.

Lilah's mission is simple: help people stop waiting for permission and start leading from who they already are.","","","https://apiro.accelevents.com/r/events/gtm2026/session/439139?expand=","Tue Sep 22 2026 12:39:58 GMT-0400 (Eastern Daylight Time)"
"439143","2026-09-28","Monday","10:35","10:45","EDT (UTC-04:00); America/New_York","10","Women’s Summit","Exhibitor Hall & Main Stage","Morning Break","Break","IN_PERSON","","","No description published","","","","","","https://apiro.accelevents.com/r/events/gtm2026/session/439143?expand=","Tue Sep 22 2026 12:39:58 GMT-0400 (Eastern Daylight Time)"
"439163","2026-09-28","Monday","10:45","11:15","EDT (UTC-04:00); America/New_York","30","Women’s Summit","Main Stage","The Messy Middle of Success","Keynote Session","IN_PERSON","Women Executives are so successful on paper, and have worked hard to achieve high levels of professional and financial success, but in the messy middle of their careers they start asking questions about what's next or if this is what I still want.","How to keep evolving within a role or decide on a pivoted path","Full description published","Stephanie Blair; CEO & Founder; KNOW & FLOURISH","Stephanie Blair: http://linkedin.com/in/blairstephanie","Stephanie Blair: """"""Stephanie Blair is the Founder & CEO of Know & Flourish, a professional growth advisory firm that helps executives and organizations navigate transformation, leadership, and scale. A longtime Pavilion Executive Member and GOLD member coach, she is known as a trusted advisor, change architect, and growth catalyst to senior leaders across Fortune 500 companies, high-growth tech firms, and consulting organizations.

After beginning her career in advertising at the New York Daily News, Stephanie rapidly advanced at a high-growth SaaS company, becoming Managing Director for Europe, the Middle East, and Africa by age 28. Her experience leading through global growth and digital transformation—combined with her own journey from corporate executive to entrepreneur—shapes her distinctive perspective on leadership, reinvention, and sustainable success.

Today, Stephanie frequently delivers keynote addresses at global leadership summits and innovation forums and is a featured guest on leading business and leadership podcasts. She was recently recognized by the Upside Impact Index 2025 for empowering high-achieving women. Her RESET framework has guided hundreds of leaders through pivotal career and growth moments and will soon be featured in her forthcoming book""","","","https://apiro.accelevents.com/r/events/gtm2026/session/439163?expand=","Tue Sep 22 2026 12:39:58 GMT-0400 (Eastern Daylight Time)"
"439164","2026-09-28","Monday","11:20","11:50","EDT (UTC-04:00); America/New_York","30","Women’s Summit","Main Stage","Writing Your Own Permission Slip","Keynote Session","IN_PERSON","Careers rarely move in a straight line, and Betsy's didn't either. She wanted to be a teacher, started in hospitality, jumped to marketing, landed in advertising SaaS, and finally earned the management role she'd always wanted, only to find it didn't fulfill her the way she expected.","","Full description published","Betsy Wilson; Director, Account Management; QuotaPath","Betsy Wilson: http://linkedin.com/in/betsyblack","Betsy Wilson: Betsy Wilson has spent 14 years in customer-facing roles across ad tech, PR software, and social media before landing at QuotaPath, where she's grown from Senior Customer Success Manager to Director of Account Management, now running strategic services. The path wasn't a straight line, but the through line never changed: it was the mentors and champions who shaped her path. During her session, she talks about those who influenced her and how to pay that forward.","","","https://apiro.accelevents.com/r/events/gtm2026/session/439164?expand=","Tue Sep 22 2026 12:39:58 GMT-0400 (Eastern Daylight Time)"
"439166","2026-09-28","Monday","11:55","12:25","EDT (UTC-04:00); America/New_York","30","Women’s Summit","Main Stage","Leading in the AI Era: Trust, Adaptability, and Human Judgment","Keynote Session","IN_PERSON","AI is changing how teams operate, how customers engage, and how leaders make decisions. This panel brings together Jen Spencer, Hailey McDonald, Larysa Zakirova, and Tanya Little for a practical conversation about what leadership requires when humans and AI now work side by side. Together, they will explore how operators can recognize patterns, build trust, adapt quickly, and keep human judgment at the center of growth. From leading hybrid human and AI teams, to navigating client success in a world of automation, to drawing on the resilience of women who had to figure things out , this session will show why the AI era needs more human leadership, not less.","Practical conversation about what leadership requires when humans and AI now work side by side.","Full description published","Patricia DuChene; Chief Revenue Officer; Sendoso
Tanya Little; Chief Growth Officer; Vitality Group
Larysa Zakirova; Chief Operating Officer; INFUSE
Hailey McDonald; VP of Revenue Marketing; Sprout Social
Jen Spencer; Chief Growth Officer; Booth","Patricia DuChene: https://linkedin.com/in/duchenepatricia
Tanya Little: http://linkedin.com/in/tanya-little
Larysa Zakirova: http://linkedin.com/in/larysa-zakirova
Hailey McDonald: http://linkedin.com/in/haymcdee
Jen Spencer: http://linkedin.com/in/jenspencer","Patricia DuChene: Patricia DuChene is Chief Revenue Officer at Sendoso, where she leads sales, marketing, and AI initiatives across go-to-market. Her career has spanned GTM leadership roles in B2B SaaS, most recently as the CRO of Postal prior to the acquisition of Postal by Sendoso.

Prior to working in direct mail and gifting, she served as the VP of Sales and GM for EMEA & APAC of Wrike, building the company's international GTM team in Dublin, Melbourne, Tokyo, and Kyiv. 

Outside of work, she's committed to advancing women in leadership through her partnerships with Women in Sales and Wednesday Women. When she's not talking GTM, she's spending time with her family, eating hot wings or training for a triathlon she's grossly under-qualified for.

Tanya Little: Tanya is a Principal at Ripple Advisory, a growth advisory practice for Series B+ B2B leaders, and a certified Outgrow Advisor. She serves as Chief Growth Officer at Vitality, a global B2B digital health company, where she led a 255% revenue expansion over five years. 

Tanya works with Series B+ companies to eliminate revenue inconsistency, scale growth, and build high-performing teams. Her work spans sales strategy and mobilization, executive and sales coaching, pitch training, SKO facilitation and change leadership. She also helps leaders to implement Outgrow, a proven system that grows revenue predictably by 15-30% with existing people and tech.

Tanya’s perspective has been built from every seat at the table. She cut her teeth at Goldman Sachs, consulted at McKinsey and Accenture, and spent a decade at specialist bank Investec, helping management teams shift from founder-led heroics to repeatable sales systems. She previously served as COO of publicly listed Life Healthcare.

Tanya holds an MSc from the London School of Economics and trained at the Process Work Institute in Portland, Oregon. She is an active member of Pavilion, the Women Business Leaders of the US Health Care Industry Foundation, and CHIEF.

Larysa Zakirova: Larysa Zakirova is Chief Operating Officer at INFUSE, where she leads strategy and operations for a department supporting 1,000+ B2B clients across 20+ industries. She has helped drive INFUSE’s rapid expansion, scaling the organization from 5 to 1,000+ employees, opening six global offices, and growing the client base by 1,800%. With an executive background spanning IT and marketing strategy, including Account-Based Marketing and intent-driven programs, Larysa bridges go-to-market goals with operational execution. She partners with clients on needs ranging from brand and campaign strategy to marketing automation and technical delivery, bringing rigor and clarity to complex challenges while building high-performing teams and long-term partnerships.

Hailey McDonald: Not published

Jen Spencer: Jen Spencer is a growth executive, keynote speaker, and author with more than 20 years of experience scaling SaaS and services companies. As Chief Growth Officer at Booth — the people-first global talent and managed outsourcing company — she owns the full revenue engine across sales, marketing, and client success, and leads its market-diversification and AI-enabled growth strategy. Previously, as CEO of SmartBug Media, she grew one of North America's fastest-growing marketing agencies from roughly 50 to 300+ people through multiple acquisitions, following senior roles at Allbound and nettime solutions. Her debut book, Lead Anyway: How to Build the Career You Want When the Rules Weren't Written for You (Life Sized Publishing, 2025), reframes leadership as presence over perfection. At the Pavilion Women's Summit, Jen shares a practitioner's view of how AI is reshaping the growth engine — and what revenue leaders should be building now.","","","https://apiro.accelevents.com/r/events/gtm2026/session/439166?expand=","Tue Sep 22 2026 12:39:58 GMT-0400 (Eastern Daylight Time)"
"439144","2026-09-28","Monday","12:30","13:15","EDT (UTC-04:00); America/New_York","45","Women’s Summit","Exhibitor Hall & Main Stage","Lunch & Sponsor Booths","Break","IN_PERSON","","","No description published","","","","","","https://apiro.accelevents.com/r/events/gtm2026/session/439144?expand=","Tue Sep 22 2026 12:39:58 GMT-0400 (Eastern Daylight Time)"
"439167","2026-09-28","Monday","13:15","13:45","EDT (UTC-04:00); America/New_York","30","Women’s Summit","Main Stage","Women's Leadership in the AI Era","Keynote Session","IN_PERSON","AI did not suddenly make accomplished women less capable. But it has introduced an entirely new vocabulary for skills many women leaders already use every day.

Giving clear direction became prompt engineering. Building repeatable processes became workflows. Providing context, managing ambiguity, asking better questions, and exercising judgment became the foundations of effective AI leadership.

So why do so many accomplished women still feel behind?

In this fireside conversation, Leah Russo, Vice President of Marketing at Clearco, and Allison Moore, CEO of Chief, will examine what the AI transition is revealing about confidence, credibility, experimentation, and who feels entitled to claim expertise.

They’ll explore the difference between learning genuinely new technology and recognizing the value of capabilities women have spent years developing. They’ll also discuss how leaders can create the psychological safety people need to experiment before they feel confident, and how to ensure AI reduces the burden of leadership instead of becoming one more thing women are expected to master.

This is not a conversation about becoming more technical or keeping up with every new tool. It is about learning the technology without allowing unfamiliar terminology to erase the evidence of your existing competence.

Attendees will leave with a clearer understanding of:

• Why feeling behind is not always the same as being behind
• Which leadership skills become more valuable as AI handles more execution
• How to build credibility when everyone is still learning
• Why experimentation must come before confidence
• How to use AI to create leverage and reduce mental load

Most importantly, they’ll leave with a more useful question than “Do I know enough?”

What am I ready to try next?","What AI Is Revealing About Women, Leadership, and Expertise","Full description published","Allison Moore; CEO; Chief
Leah Russo; VP of Marketing; Clearco","Allison Moore: https://linkedin.com/in/alisonmoore1
Leah Russo: https://linkedin.com/in/leahrusso","Allison Moore: Not published

Leah Russo: Leah Russo is Vice President of Marketing at Clearco, where she leads brand, product marketing, demand generation, and communications. She believes the strongest go-to-market strategies combine customer evidence, AI, and data with distinctive branding and clear, memorable ideas that drive action.

With more than 15 years of experience across marketing, marketing operations, and RevOps, Leah specializes in turning buyer behavior into sharper positioning, smarter decisions, and measurable growth. She is also the founder of Novara, co-leads Women of Pavilion, and was named one of the Top 50 GTM Women Voices in the US for 2026.","","","https://apiro.accelevents.com/r/events/gtm2026/session/439167?expand=","Tue Sep 22 2026 12:39:58 GMT-0400 (Eastern Daylight Time)"
"439168","2026-09-28","Monday","13:50","14:10","EDT (UTC-04:00); America/New_York","20","Women’s Summit","Main Stage","Negotiating Like You've Already Won","Keynote Session","IN_PERSON","Negotiation does not begin when someone makes an offer. It begins the moment you decide what your value is, what you want, and what you are no longer willing to accept. In this solo session, Ashley will explore how women can approach negotiation with more confidence, preparation, and power. She will unpack the mindset shift from asking for permission to advocating from evidence, outcomes, and self trust. The session will cover how to prepare before the conversation, name your value clearly, navigate discomfort, and stay grounded when the answer is unclear, delayed, or challenged.","Explore how women can approach negotiation with more confidence, preparation, and power.","Full description published","Ashley Stamps Lafont; Founder; The Success rx","Ashley Stamps Lafont: http://linkedin.com/in/ashleystampslafont","Ashley Stamps Lafont: Ashley is an executive coach & GTM advisor who works with leaders on executive visibility and brand building, the work of becoming known, trusted, and chosen for the roles, rooms, and opportunities they actually want. She brings a decade of VP-level operator experience across PE, VC, and public companies, having sat in the elevated rooms her clients are working to enter. Her work is grounded in the belief that women deserve to be visible and audible, and are capable of getting exactly what they deserve.","","","https://apiro.accelevents.com/r/events/gtm2026/session/439168?expand=","Tue Sep 22 2026 12:39:58 GMT-0400 (Eastern Daylight Time)"
"439169","2026-09-28","Monday","14:15","15:00","EDT (UTC-04:00); America/New_York","45","Women’s Summit","Main Stage","How To Turn AI Into Business (or Personal) Results","Keynote Session","IN_PERSON","In this panel, Trinity Nguyen, Chrys Black, Krissy Manzano, and Ludmy Paiva will explore how leaders can move from experimenting with AI to building practical systems that create personal and business outcomes. The conversation will cover how to use AI to improve business operations, productivity, personal workflow, and everyday decision-making. Attendees will leave with specific examples and practical ways to make AI useful in every day life.","Explore how leaders can move from experimenting with AI to building practical systems that create personal and business outcomes.","Full description published","Nelly Kalakhan; Sales Director; N.Rich
Krissy Manzano; CEO & Co-Founder; BluePrint Expansion
Crys Black; Fractional CMO and AI Enablement; Crys Black Consulting
Trinity Nguyen; Chief Marketing Officer; UserGems","Nelly Kalakhan: https://linkedin.com/in/nelly-kalakhan-17a4aa82
Krissy Manzano: https://linkedin.com/in/krissymanzano
Crys Black: http://linkedin.com/in/crystalblack
Trinity Nguyen: http://linkedin.com/in/trinitynguyen","Nelly Kalakhan: Not published

Krissy Manzano: Krissy Manzano is the CEO and Co-Founder of Blueprint Expansion, a GTM recruiting firm that helps early-stage and high-growth companies hire top sales, marketing, and customer success talent. Blueprint makes hiring predictable and scalable, building teams that drive revenue and market leadership.

Krissy brings over 15 years of sales leadership experience. As an operator, she grew one organization's revenue from $500K to over $60M in a single year. As a founder, she built a recruiting firm serving some of the fastest-growing companies in tech. Her earlier career includes leading SaaS sales teams at Motive, ServiceSource, and SiteHawk.

A working mom herself, she is passionate about helping women advance in the workplace without choosing between ambition and family.

Crys Black: Crys Black is a fractional CMO and AI strategist who helps B2B revenue teams stop theorizing about AI and start using it to drive real pipeline.

Based in Colorado, Crys works with GTM leaders to operationalize AI across the full revenue motion: from demand generation and content at scale to the systems and workflows that make marketing teams faster without burning them out. She started her career as a programmer, picked up English degrees along the way, and spent two decades in marketing leadership across startups and enterprise. The result is a rare combination: she can read the code, write the copy, and build the strategy.

She's the kind of person who builds a working sales training tool in Lovable during a car ride and turns it into a keynote framework by Friday. Scrappy, intentional, and relentlessly practical.

Outside her fractional practice, Crys is an incoming board member at Rocky Mountain AI Interest Group (RMAIIG) and lead instructor at Women in AI Labs, where she teaches women in tech to build real AI skills, not just talk about them.

She's here because AI is the biggest lever GTM teams have right now. And she's not letting you leave without knowing how to pull it.

Trinity Nguyen: Trinity Nguyen is the CMO at UserGems — an AI command center for outbound and ABM, the brain behind your go-to-market. She helps revenue teams adopt AI in ways that hold up under real conditions: quality data, sound judgment, and frameworks built for practitioners, not slideware. Trinity is known for cutting through AI hype to focus on what actually drives results, thinking in systems, and translating complex GTM problems into clear, usable playbooks.","","","https://apiro.accelevents.com/r/events/gtm2026/session/439169?expand=","Tue Sep 22 2026 12:39:58 GMT-0400 (Eastern Daylight Time)"
"439159","2026-09-28","Monday","15:05","15:15","EDT (UTC-04:00); America/New_York","10","Women’s Summit","Exhibitor Hall & Main Stage","Afternoon Break","Break","IN_PERSON","","","No description published","","","","","","https://apiro.accelevents.com/r/events/gtm2026/session/439159?expand=","Tue Sep 22 2026 12:39:58 GMT-0400 (Eastern Daylight Time)"
"439170","2026-09-28","Monday","15:20","15:50","EDT (UTC-04:00); America/New_York","30","Women’s Summit","Main Stage","Navigating Bias and Difficult Conversations","Keynote Session","IN_PERSON","Women in executive GTM roles are outperforming their male peers on quota attainment and still being passed over for promotion, watching their ideas get credited to someone else in pipeline reviews, and receiving feedback that says ""polish"" when no one will say plainly what they mean. A 2024 global survey of 5,000 women found the most common reason women do not report bias is
not fear of retaliation — it is that they concluded the behavior was not serious enough. A 2026 peer-reviewed study confirmed that men consistently prefer women leaders who reinforce the status quo over those who advocate for equity. The bias is structural, the cost is real, and the gap is a practical one: women need language precise enough to name what happened, an ask specific enough to move, and a peer in their corner before they walk into the room. This session delivers all three.","","Full description published","Amber Williamson; Founder; Anomaly Consulting","Amber Williamson: http://linkedin.com/in/amber-williamson-b25858153","Amber Williamson: Amber Williamson is a workplace culture strategist, facilitator, and Founder of Anomaly Consulting — where she turns culture strategy into something organizations can see, measure, and sustain. With a career that has taken her across classrooms and boardrooms on multiple continents, she has spent years doing the work that most leaders know matters, but few know how to operationalize: replacing ambiguity with structure, translating belonging from aspiration into measurable practice, and building the systems that make culture visible in behavior and data. She brings a combination of global perspectives, on-the-ground expertise, and a practitioner's precision to the work of navigating bias, perception, and the dynamics that shape who gets seen, heard, and advanced.","","","https://apiro.accelevents.com/r/events/gtm2026/session/439170?expand=","Tue Sep 22 2026 12:39:58 GMT-0400 (Eastern Daylight Time)"
"439171","2026-09-28","Monday","15:55","16:25","EDT (UTC-04:00); America/New_York","30","Women’s Summit","Main Stage","Small Group Discussion: Leading in GTM as a Woman","Breakout","IN_PERSON","","","No description published","","","","","","https://apiro.accelevents.com/r/events/gtm2026/session/439171?expand=","Tue Sep 22 2026 12:39:58 GMT-0400 (Eastern Daylight Time)"
"439173","2026-09-28","Monday","16:30","17:00","EDT (UTC-04:00); America/New_York","30","Women’s Summit","Main Stage","Boardroom-Ready: How Women GTM Leaders Protect Performance and People","Keynote Session","IN_PERSON","In this candid conversation, revenue leaders and talent experts from WISE, powered by Formative Search Partners, will break down how they are redesigning sales orgs for high performance that doesn’t burn people out - using AI thoughtfully, setting realistic targets, and showing up credibly in the boardroom. Attendees will walk away with specific org design changes they can make immediately, real examples of AI use that actually works in sales, and a clearer picture of the leadership profiles CEOs and boards are betting on next.

What “boardroom-ready” actually looks like for the top revenue seat today - how leaders prepare, what metrics and narratives resonate with boards, and how they advocate for their teams.","How women CROs and revenue leaders are leading teams through volatility  while maintaining performance standards.","Full description published","Tamar Martirosyan; VP Growth Marketing; Airspeed
Katie Capuzzo; Director of Community; WISE
Katie Daggett; Vice President of Client Strategy; Cadre AI
Lindsey Katalan; RVP of Strategic Sales; Twilio","Tamar Martirosyan: http://linkedin.com/in/tamar-martirosyan
Katie Capuzzo: https://linkedin.com/in/katiecapuzzo
Katie Daggett: http://linkedin.com/in/katiedaggett2
Lindsey Katalan: http://linkedin.com/in/lindsey-katalan","Tamar Martirosyan: Not published

Katie Capuzzo: Not published

Katie Daggett: Katie Daggett is the Vice President of Client Strategy at Cadre AI, where she partners with executive teams to identify and implement AI transformation initiatives that unlock new revenue opportunities, improve operational efficiency, and accelerate business growth. She works closely with clients to align AI strategy with business objectives, transforming complex business challenges into scalable AI strategies that deliver measurable business value and lasting competitive advantage.
Prior to joining Cadre AI, Katie spent more than 15 years leading commercial strategy, enterprise partnerships, and growth initiatives across leading technology companies, including Engine, Hopper, Triptease, and Groupon. Throughout her career, she has built and scaled high-performing organizations, negotiated more than $100 million in enterprise partnerships, and led transformational technology initiatives that delivered measurable results for global brands. She is passionate about helping organizations navigate AI transformation and believes the most successful technology initiatives begin with a deep understanding of people, process, and business strategy.

Lindsey Katalan: As the Strategic Sales leader at Twilio, Lindsey leads her organization through complex client cycles with both large and fast growing companies across North America. Lindsey joined Twilio through the Segment CDP acquisition and has subsequently dedicated a large portion of her career to solving complex data problems. Prior to Segment, Lindsey spent time learning the intricacies of the Martech industry at Braze, where she served as Solutions Engineer turned ambassador and thought leader. She has since been speaking at conferences across the globe advocating for Women in Tech. Lindsey lives in Greenwich, CT with her husband, two children, and her dog Harley.","","","https://apiro.accelevents.com/r/events/gtm2026/session/439173?expand=","Tue Sep 22 2026 12:39:58 GMT-0400 (Eastern Daylight Time)"
"439172","2026-09-28","Monday","17:00","17:15","EDT (UTC-04:00); America/New_York","15","Women’s Summit","Main Stage","Closing Remarks","Keynote Session","IN_PERSON","We will reflect on the strongest themes from the day, name the commitments worth carrying forward, and invite attendees to turn insight into action, community, and visible leadership after today.","Closing remarks will bring the day back to its purpose: helping women GTM leaders leave with clarity, connection, and momentum.","Full description published","Rachel Johnson; Co-Lead, Women of Pavilion; MoJo Marketing Consulting, LLC
Blakely Graham; Podcast Co-host; Not All Business
Heather Cooper; Podcast Co-host; Not All Business","Rachel Johnson: http://linkedin.com/in/rachel-m-johnson
Blakely Graham: https://linkedin.com/in/rachel-m-johnson
Heather Cooper: Not published","Rachel Johnson: Not published

Blakely Graham: Blakely Graham built TaskRay, a project management platform, from bootstrapped startup to mission-critical software sold across the Salesforce ecosystem, before its successful sale in 2021. As a founder and CEO, she learned most of what she knows about leadership the hard way, through the mistakes, not a business school. Now she co-hosts Not All Business with Heather Cooper, her former competitor. AKA ""Sex Ed for Your Career,"" the podcast that answers the career questions women want answered but rarely ask out loud, bringing no-BS honesty and best-friend humor to every conversation.

Heather Cooper: Heather Cooper built Cloud Coach, a project management platform, from bootstrapped startup to mission-critical software sold across the Salesforce ecosystem, before its successful sale in 2023. As a founder, CEO, and recovering attorney, Heather understands both legal complexities and the human realities of running a company. Now she co-hosts Not All Business with Blakely Graham, her former competitor. AKA ""Sex Ed for Your Career,"" the podcast answers the career questions women want answered but rarely ask out loud, bringing no-BS honesty and best-friend humor to every conversation.","","","https://apiro.accelevents.com/r/events/gtm2026/session/439172?expand=","Tue Sep 22 2026 12:39:58 GMT-0400 (Eastern Daylight Time)"
"439160","2026-09-28","Monday","17:15","18:00","EDT (UTC-04:00); America/New_York","45","Women’s Summit","Exhibitor Hall","Networking & Sponsor Booths","Expo","IN_PERSON","","","No description published","","","","","","https://apiro.accelevents.com/r/events/gtm2026/session/439160?expand=","Tue Sep 22 2026 12:39:58 GMT-0400 (Eastern Daylight Time)"
"439161","2026-09-28","Monday","18:00","21:00","EDT (UTC-04:00); America/New_York","180","Women’s Summit","The Glasshouse","Women's Summit Dinner","Other","IN_PERSON","","","No description published","","","","","","https://apiro.accelevents.com/r/events/gtm2026/session/439161?expand=","Tue Sep 22 2026 12:39:58 GMT-0400 (Eastern Daylight Time)"
"439533","2026-09-29","Tuesday","08:00","09:00","EDT (UTC-04:00); America/New_York","60","CRO Circle | CEO Circle | RevOps Circle | CMO Circle","The Glasshouse","Breakfast & Registration","Other","IN_PERSON","","","No description published","","","","","Additional public-feed entry absent from the six embedded agenda widgets in the first scrape.","https://apiro.accelevents.com/r/events/gtm2026/session/439533?expand=","Tue Sep 22 2026 12:39:59 GMT-0400 (Eastern Daylight Time)"
"443628","2026-09-29","Tuesday","09:00","09:15","EDT (UTC-04:00); America/New_York","15","CMO Circle","Main Stage","CMO Circle: Catapult — Your CEO just asked","Regular Session","IN_PERSON","""What does marketing look like in two years, and do I still need a CMO to run it?"" Kathleen Booth delivers the prompt cold, no warmup. That question runs under the whole day. Each block fills one quadrant of the slide on your table: who stays human, where agents sit, who owns the buyer, the moat. At 4:15 you present your answer to a CEO in the room. Slide template on every table by 9:15.","","Full description published","Kathleen Booth; VP of Marketing; Sequel.io","Kathleen Booth: https://linkedin.com/in/kathleenslatterybooth","Kathleen Booth: Not published","","","https://apiro.accelevents.com/r/events/gtm2026/session/443628?expand=","Tue Sep 22 2026 12:40:02 GMT-0400 (Eastern Daylight Time)"
"443605","2026-09-29","Tuesday","09:40","10:10","EDT (UTC-04:00); America/New_York","30","CRO Circle","Breakout 2","CRO Circle: Future-proof your role & team","Breakout","IN_PERSON","At your table, redesign your role, team structure, and weekly operating rhythm for a hybrid human/agent org. Name the leadership and communication habits you keep if half the routine work disappears. One page.","","Full description published","","","","","","https://apiro.accelevents.com/r/events/gtm2026/session/443605?expand=","Tue Sep 22 2026 12:40:01 GMT-0400 (Eastern Daylight Time)"
"444769","2026-09-29","Tuesday","09:50","10:20","EDT (UTC-04:00); America/New_York","30","RevOps Circle","5th Floor Breakout Room","RevOps Circle: Quadrant build — WHAT THE AGENTS CAN BELIEVE","Breakout","IN_PERSON","","Name the three data domains an agent must NEVER be wrong about, and the rule that catches it when it is.","Short summary only","","","","","","https://apiro.accelevents.com/r/events/gtm2026/session/444769?expand=","Tue Sep 22 2026 12:40:03 GMT-0400 (Eastern Daylight Time)"
"444892","2026-09-29","Tuesday","09:50","10:45","EDT (UTC-04:00); America/New_York","55","CEO Circle","Breakout 1","CEO Circle: AI That Is Actually Working w/ CEOs Who Are Actually Using It","Regular Session","IN_PERSON","","","No description published","","","","","","https://apiro.accelevents.com/r/events/gtm2026/session/444892?expand=","Tue Sep 22 2026 12:40:03 GMT-0400 (Eastern Daylight Time)"
"443606","2026-09-29","Tuesday","10:10","10:25","EDT (UTC-04:00); America/New_York","15","CRO Circle","Breakout 2","CRO Circle: Report back: role + team redesigns","Breakout","IN_PERSON","","Tables share their redesigns. The room pressure-tests which ones survive a budget cut.","Short summary only","","","","","","https://apiro.accelevents.com/r/events/gtm2026/session/443606?expand=","Tue Sep 22 2026 12:40:02 GMT-0400 (Eastern Daylight Time)"
"444782","2026-09-29","Tuesday","10:20","10:40","EDT (UTC-04:00); America/New_York","20","RevOps Circle","5th Floor Breakout Room","RevOps Circle: Reshare","Breakout","IN_PERSON","","Three tables share. Room debates: which rule is real, and which is a hope? Then lock your quadrant on the slide.","Short summary only","Josh Carter; Head of RevOps; 1mind","Josh Carter: https://linkedin.com/in/joshcarter1116","Josh Carter: Not published","","","https://apiro.accelevents.com/r/events/gtm2026/session/444782?expand=","Tue Sep 22 2026 12:40:03 GMT-0400 (Eastern Daylight Time)"
"443607","2026-09-29","Tuesday","10:25","10:30","EDT (UTC-04:00); America/New_York","5","CRO Circle","Breakout 2","CRO Circle: Synthesize → Block 2","Regular Session","IN_PERSON","The room's redesigns get pulled into one short list of principles for how the CRO role holds. You leave with that list and a look ahead at Build vs. Buy.","","Full description published","Brian Walsh; Managing Director; Force Management","Brian Walsh: https://www.linkedin.com/in/brian-walsh-b686413/","Brian Walsh: Not published","","","https://apiro.accelevents.com/r/events/gtm2026/session/443607?expand=","Tue Sep 22 2026 12:40:02 GMT-0400 (Eastern Daylight Time)"
"443635","2026-09-29","Tuesday","10:25","10:45","EDT (UTC-04:00); America/New_York","20","CMO Circle","Main Stage","CMO Circle: Reshare","Breakout","IN_PERSON","","Three tables share their org map. Room asks: what would your CEO actually accept here? Then lock your quadrant on the slide.","Short summary only","Kathleen Booth; VP of Marketing; Sequel.io","Kathleen Booth: https://linkedin.com/in/kathleenslatterybooth","Kathleen Booth: Not published","","","https://apiro.accelevents.com/r/events/gtm2026/session/443635?expand=","Tue Sep 22 2026 12:40:02 GMT-0400 (Eastern Daylight Time)"
"443608","2026-09-29","Tuesday","10:30","10:45","EDT (UTC-04:00); America/New_York","15","CRO Circle","Breakout 2","CRO Circle: Morning Break","Break","IN_PERSON","","","No description published","","","","","","https://apiro.accelevents.com/r/events/gtm2026/session/443608?expand=","Tue Sep 22 2026 12:40:02 GMT-0400 (Eastern Daylight Time)"
"444890","2026-09-29","Tuesday","10:40","10:50","EDT (UTC-04:00); America/New_York","10","RevOps Circle","5th Floor Breakout Room","RevOps Circle: Morning Break","Break","IN_PERSON","","","No description published","","","","","","https://apiro.accelevents.com/r/events/gtm2026/session/444890?expand=","Tue Sep 22 2026 12:40:03 GMT-0400 (Eastern Daylight Time)"
"444893","2026-09-29","Tuesday","10:45","11:00","EDT (UTC-04:00); America/New_York","15","CEO Circle","Breakout 1","CEO Circle: Morning Break","Break","IN_PERSON","","","No description published","","","","","","https://apiro.accelevents.com/r/events/gtm2026/session/444893?expand=","Tue Sep 22 2026 12:40:03 GMT-0400 (Eastern Daylight Time)"
"443609","2026-09-29","Tuesday","10:45","11:00","EDT (UTC-04:00); America/New_York","15","CRO Circle","Breakout 2","CRO Circle: You're on Both Sides of Build vs. Buy Now","Regular Session","IN_PERSON","AI made building cheap. Now every CRO faces build vs. buy twice.

Once as a buyer: what do you build, what do you buy?

Once as a seller: your own buyers now think they can just build it themselves.

Christian and Zach break down both sides: when to build or buy a tool yourself and how to equip your sellers to handle this objection.","","Full description published","Zach Gropper; CEO & Founder; Insight Revenue","Zach Gropper: https://linkedin.com/in/zgropper","Zach Gropper: Not published","","","https://apiro.accelevents.com/r/events/gtm2026/session/443609?expand=","Tue Sep 22 2026 12:40:02 GMT-0400 (Eastern Daylight Time)"
"443636","2026-09-29","Tuesday","10:45","10:55","EDT (UTC-04:00); America/New_York","10","CMO Circle","Main Stage","CMO Circle: Morning Break","Break","IN_PERSON","","","No description published","","","","","","https://apiro.accelevents.com/r/events/gtm2026/session/443636?expand=","Tue Sep 22 2026 12:40:02 GMT-0400 (Eastern Daylight Time)"
"444906","2026-09-29","Tuesday","10:50","11:05","EDT (UTC-04:00); America/New_York","15","RevOps Circle","5th Floor Breakout Room","RevOps Circle: Building your P0 Variable","Regular Session","IN_PERSON","Playbook design as the new RevOps deliverable: bounded autonomy, permissions, escalation, sandbox to production. The optimistic half of the story, made concrete. Automation goes further and faster, but the discernment — the taste — stays human.","","Full description published","Anthony GoldBloom; CEO; Sumble","Anthony GoldBloom: https://linkedin.com/in/anthonygoldbloom","Anthony GoldBloom: Not published","","","https://apiro.accelevents.com/r/events/gtm2026/session/444906?expand=","Tue Sep 22 2026 12:40:03 GMT-0400 (Eastern Daylight Time)"
"443671","2026-09-29","Tuesday","10:55","11:20","EDT (UTC-04:00); America/New_York","25","CMO Circle","Main Stage","CMO Circle: Everyone Bought the Same Brain: The same tools, the same tactics, the same content. Now what?","Regular Session","IN_PERSON","We bought the same tools. We ran the same tactics. We published the same content. We got faster. Almost none of us got more distinctive, yet we called it transformation.

First findings from INFUSE's 2027 Voice of the Marketer global study of marketing leaders, on what AI changed inside marketing, what it changed inside the buying process, and why those two are not the same thing.

This session reveals what the sameness is quietly costing us, and where to look for the escape hatch.","","Full description published","Victoria Albert; CMO; INFUSE","Victoria Albert: https://linkedin.com/in/victoriaalbert","Victoria Albert: Victoria Albert serves as INFUSE’s CMO) leading global marketing and GTM initiatives with a focus on impact and growth. Her cross-functional expertise and vertical depth, paired with a pragmatic approach to marketing, have consistently delivered growth across competitive markets.","","","https://apiro.accelevents.com/r/events/gtm2026/session/443671?expand=","Tue Sep 22 2026 12:40:02 GMT-0400 (Eastern Daylight Time)"
"444894","2026-09-29","Tuesday","11:00","11:45","EDT (UTC-04:00); America/New_York","45","CEO Circle","Breakout 1","CEO Circle: Your Revenue Target Is Not a Strategy: Why predictable pipeline is becoming a CEO operating discipline","Regular Session","IN_PERSON","At a certain stage of growth, pipeline stops being a sales problem and becomes an operating-system problem. Early-stage companies can compensate for weak systems with founder-led selling, heroic AEs, network relationships, intuition, and brute force effort. As the company scales, those things become increasingly unreliable. The CEO's job shifts from: How do we generate more pipeline? To: Can I understand, predict, and influence the mechanics that produce revenue?","","Full description published","Ken Jisser; Founder & CEO; The Pipeline Group","Ken Jisser: https://linkedin.com/in/kenjisser","Ken Jisser: Not published","","","https://apiro.accelevents.com/r/events/gtm2026/session/444894?expand=","Tue Sep 22 2026 12:40:03 GMT-0400 (Eastern Daylight Time)"
"444907","2026-09-29","Tuesday","11:05","11:35","EDT (UTC-04:00); America/New_York","30","RevOps Circle","5th Floor Breakout Room","RevOps Circle: Quadrant build — YOUR P0 VARIABLE","Breakout","IN_PERSON","","Pick one human-owned revenue workflow. Write the agent's permission boundary, the escalation rule, and the one decision that never leaves the human.","Short summary only","","","","","","https://apiro.accelevents.com/r/events/gtm2026/session/444907?expand=","Tue Sep 22 2026 12:40:03 GMT-0400 (Eastern Daylight Time)"
"443672","2026-09-29","Tuesday","11:20","11:45","EDT (UTC-04:00); America/New_York","25","CMO Circle","Main Stage","CMO Circle: Quadrant build — WHAT YOU DIDN'T DELETE","Breakout","IN_PERSON","You get hundreds of touches a week. You delete almost all of them. But something in the last twelve months got through. Write the one tactic that broke through to you this year. Not the one you admire, the one that worked on you. Then write how they knew enough about you to earn it.","","Full description published","","","","","","https://apiro.accelevents.com/r/events/gtm2026/session/443672?expand=","Tue Sep 22 2026 12:40:02 GMT-0400 (Eastern Daylight Time)"
"443611","2026-09-29","Tuesday","11:30","11:45","EDT (UTC-04:00); America/New_York","15","CRO Circle","Breakout 2","CRO Circle: hand-off lists + build calls","Breakout","IN_PERSON","","Tables surface their hold-back workflows and their build calls. Room debates whether each is real or just protecting headcount.","Short summary only","","","","","","https://apiro.accelevents.com/r/events/gtm2026/session/443611?expand=","Tue Sep 22 2026 12:40:02 GMT-0400 (Eastern Daylight Time)"
"444908","2026-09-29","Tuesday","11:35","12:05","EDT (UTC-04:00); America/New_York","30","RevOps Circle","5th Floor Breakout Room","RevOps Circle: ORCHESTRATION -> Reshare","Breakout","IN_PERSON","","Tables share. Room debates: where does the line drift if you take your eyes off it? Then lock your quadrant on the slide.","Short summary only","Anthony GoldBloom; CEO; Sumble","Anthony GoldBloom: https://linkedin.com/in/anthonygoldbloom","Anthony GoldBloom: Not published","","","https://apiro.accelevents.com/r/events/gtm2026/session/444908?expand=","Tue Sep 22 2026 12:40:04 GMT-0400 (Eastern Daylight Time)"
"444895","2026-09-29","Tuesday","11:45","12:30","EDT (UTC-04:00); America/New_York","45","CEO Circle","Breakout 1","CEO Circle: Pricing and Packaging - SOSPR","Regular Session","IN_PERSON","","","No description published","","","","","","https://apiro.accelevents.com/r/events/gtm2026/session/444895?expand=","Tue Sep 22 2026 12:40:03 GMT-0400 (Eastern Daylight Time)"
"443612","2026-09-29","Tuesday","11:45","12:00","EDT (UTC-04:00); America/New_York","15","CRO Circle","Breakout 2","CRO Circle: Synthesize → Lunch","Regular Session","IN_PERSON","","Where the room landed on build vs. buy, and the workflows most tables refused to hand over. Take it into lunch.","Short summary only","","","","","","https://apiro.accelevents.com/r/events/gtm2026/session/443612?expand=","Tue Sep 22 2026 12:40:02 GMT-0400 (Eastern Daylight Time)"
"443674","2026-09-29","Tuesday","11:45","12:00","EDT (UTC-04:00); America/New_York","15","CMO Circle","Main Stage","CMO Circle: Reshare","Breakout","IN_PERSON","The story, then the why. Those are the only tactics that survived a table of people who are impossible to market to. Name the one you'd take back to your team Monday.","","Full description published","Kathleen Booth; VP of Marketing; Sequel.io
Victoria Albert; CMO; INFUSE","Kathleen Booth: https://linkedin.com/in/kathleenslatterybooth
Victoria Albert: https://linkedin.com/in/victoriaalbert","Kathleen Booth: Not published

Victoria Albert: Victoria Albert serves as INFUSE’s CMO) leading global marketing and GTM initiatives with a focus on impact and growth. Her cross-functional expertise and vertical depth, paired with a pragmatic approach to marketing, have consistently delivered growth across competitive markets.","","","https://apiro.accelevents.com/r/events/gtm2026/session/443674?expand=","Tue Sep 22 2026 12:40:02 GMT-0400 (Eastern Daylight Time)"
"443613","2026-09-29","Tuesday","12:00","12:45","EDT (UTC-04:00); America/New_York","45","CRO Circle","Breakout 2","CRO Circle: Lunch","Break","IN_PERSON","","","No description published","","","","","","https://apiro.accelevents.com/r/events/gtm2026/session/443613?expand=","Tue Sep 22 2026 12:40:02 GMT-0400 (Eastern Daylight Time)"
"443695","2026-09-29","Tuesday","12:00","12:45","EDT (UTC-04:00); America/New_York","45","CMO Circle","Main Stage","CMO Circle: Lunch","Break","IN_PERSON","","","No description published","","","","","","https://apiro.accelevents.com/r/events/gtm2026/session/443695?expand=","Tue Sep 22 2026 12:40:02 GMT-0400 (Eastern Daylight Time)"
"444909","2026-09-29","Tuesday","12:05","12:50","EDT (UTC-04:00); America/New_York","45","RevOps Circle","5th Floor Breakout Room","RevOps Circle: Lunch","Break","IN_PERSON","","","No description published","","","","","","https://apiro.accelevents.com/r/events/gtm2026/session/444909?expand=","Tue Sep 22 2026 12:40:04 GMT-0400 (Eastern Daylight Time)"
"444896","2026-09-29","Tuesday","12:30","13:15","EDT (UTC-04:00); America/New_York","45","CEO Circle","Breakout 1","CEO Circle: Lunch","Break","IN_PERSON","","","No description published","","","","","","https://apiro.accelevents.com/r/events/gtm2026/session/444896?expand=","Tue Sep 22 2026 12:40:03 GMT-0400 (Eastern Daylight Time)"
"443614","2026-09-29","Tuesday","12:45","13:05","EDT (UTC-04:00); America/New_York","20","CRO Circle","Breakout 2","CRO Circle: What the CRO owns and why it matters","Regular Session","IN_PERSON","","Data-driven insights that prove CROs who own revenue systems and outcomes rather than people and teams are winning more.","Short summary only","Guy Rubin; Revenue Intelligence Managing Director; Fullcast","Guy Rubin: https://linkedin.com/in/rubinguy","Guy Rubin: Not published","","","https://apiro.accelevents.com/r/events/gtm2026/session/443614?expand=","Tue Sep 22 2026 12:40:02 GMT-0400 (Eastern Daylight Time)"
"444468","2026-09-29","Tuesday","12:45","13:15","EDT (UTC-04:00); America/New_York","30","CMO Circle","Main Stage","CMO Circle: The Buyer Doesn't Want a Demo. Now What?","Regular Session","IN_PERSON","The way buyers buy software has fundamentally changed. AI, self-serve options, economic buyers operating differently - the entire buying motion has shifted. But our GTM systems haven't evolved to match. We're still optimized for a buyer that doesn't exist anymore or dying. We analyzed buyer behavior and found some surprising things. Only 0.2% of buyers are actually asking to talk to sales. The economic buyer is deciding off-call. Buyers are more candid with AI agents than your reps. These are all signals of a new buyer in an AI world.

We’ll explore how marketing, sales, self-serve content, and AI agents can work together to meet buyers where they are - without forcing a premature handoff to sales. The goal isn’t to choose humans or agents. It’s to design a buyer journey where each is useful at the right moment.","","Full description published","Madhav Bhandari; CMO; Storylane","Madhav Bhandari: https://linkedin.com/in/madhavbhandari","Madhav Bhandari: Not published","","","https://apiro.accelevents.com/r/events/gtm2026/session/444468?expand=","Tue Sep 22 2026 12:40:03 GMT-0400 (Eastern Daylight Time)"
"444911","2026-09-29","Tuesday","12:50","13:20","EDT (UTC-04:00); America/New_York","30","RevOps Circle","5th Floor Breakout Room","RevOps Circle: How to fix your SMB outbound program","Regular Session","IN_PERSON","90% of SMB outbound programs have a negative LTV:CAC with BDR teams bringing in less revenue than they cost. To understand what was breaking, we built an in-house outbound team and iterated until we were booking 40+ demos per BDR per month for our customers selling to restaurants, dental clinics, and HVAC shops.

This is no longer optional as every market is facing an influx of competitors. Effective outbound is the difference between winning or losing a market.

We'll cover the exact framework we use to diagnose what's broken, the key changes that make the biggest impact, and the benchmarks you need to hit to succeed.","","Full description published","David Patterson-Cole; Co-Founder; Datalane","David Patterson-Cole: https://linkedin.com/in/davidpattersoncole","David Patterson-Cole: Not published","","","https://apiro.accelevents.com/r/events/gtm2026/session/444911?expand=","Tue Sep 22 2026 12:40:04 GMT-0400 (Eastern Daylight Time)"
"443615","2026-09-29","Tuesday","13:05","13:30","EDT (UTC-04:00); America/New_York","25","CRO Circle","Breakout 2","CRO Circle: Building your plan to win in 2027","Breakout","IN_PERSON","Using the benchmark Guy just showed, mark where your scope sits against the median. Then name one function you should own and don't, and one you own today that belongs somewhere else. For each, write the case you would make to your CEO and the metric that proves you were right two quarters from now.","","Full description published","","","","","","https://apiro.accelevents.com/r/events/gtm2026/session/443615?expand=","Tue Sep 22 2026 12:40:02 GMT-0400 (Eastern Daylight Time)"
"443698","2026-09-29","Tuesday","13:15","13:45","EDT (UTC-04:00); America/New_York","30","CMO Circle","Main Stage","CMO Circle: Quadrant build — WHO OWNS THE BUYER","Breakout","IN_PERSON","Map the buyer journey in 2026. Mark where marketing's ownership ends and sales' begins, and where AI agents sit on the seam.","","Full description published","","","","","","https://apiro.accelevents.com/r/events/gtm2026/session/443698?expand=","Tue Sep 22 2026 12:40:03 GMT-0400 (Eastern Daylight Time)"
"444913","2026-09-29","Tuesday","13:20","13:50","EDT (UTC-04:00); America/New_York","30","RevOps Circle","5th Floor Breakout Room","RevOps Circle: Quadrant build — WHO BUILDS WHAT, AND WHO YOU STAFF","Breakout","IN_PERSON","Draw the RevOps / GTM-Engineering line. Make the build-vs-buy call on one real system. Then sketch the team that runs it: generalist, specialist, or the role that doesn't exist yet.","","Full description published","","","","","","https://apiro.accelevents.com/r/events/gtm2026/session/444913?expand=","Tue Sep 22 2026 12:40:04 GMT-0400 (Eastern Daylight Time)"
"444897","2026-09-29","Tuesday","13:30","14:15","EDT (UTC-04:00); America/New_York","45","CEO Circle","Breakout 1","CEO Circle: AI Needs Better Data","Regular Session","IN_PERSON","AI is transforming how businesses grow, improve decision-making, and create competitive advantage. Yet moving from experimentation to trusted, enterprise-wide impact requires more than advanced algorithms. It requires better data.

Better data is what transforms AI from an experiment into a competitive advantage. Organizations with trusted, connected data are better positioned to unlock AI's full potential, while disconnected or incomplete data limits AI's ability to deliver meaningful business outcomes.

In this executive conversation, learn why data quality, integration, and governance are the true enablers of effective AI across the business. Discover how connected, high-quality data, paired with embedded intelligence and connected business processes across sales, marketing, finance, customer success, and operations, drives more accurate insights, stronger execution, and faster, more confident business decisions.","Why CEOs Are Making Trusted Data Their Competitive Advantage","Full description published","","","","","","https://apiro.accelevents.com/r/events/gtm2026/session/444897?expand=","Tue Sep 22 2026 12:40:03 GMT-0400 (Eastern Daylight Time)"
"443616","2026-09-29","Tuesday","13:30","13:50","EDT (UTC-04:00); America/New_York","20","CRO Circle","Breakout 2","CRO Circle: Report back: ownership designs","Breakout","IN_PERSON","Tables share their ownership design. The room pressure-tests each one: would it survive contact with the CS or Marketing leader who actually owns that today?","","Full description published","","","","","","https://apiro.accelevents.com/r/events/gtm2026/session/443616?expand=","Tue Sep 22 2026 12:40:02 GMT-0400 (Eastern Daylight Time)"
"443699","2026-09-29","Tuesday","13:45","14:15","EDT (UTC-04:00); America/New_York","30","CMO Circle","Main Stage","CMO Circle: Reshare","Breakout","IN_PERSON","Tables share their seam maps. The room pressure-tests each one: would the sales leader on the other side of that seam actually buy it? Then lock your quadrant on the slide.","","Full description published","Kathleen Booth; VP of Marketing; Sequel.io","Kathleen Booth: https://linkedin.com/in/kathleenslatterybooth","Kathleen Booth: Not published","","","https://apiro.accelevents.com/r/events/gtm2026/session/443699?expand=","Tue Sep 22 2026 12:40:03 GMT-0400 (Eastern Daylight Time)"
"444914","2026-09-29","Tuesday","13:50","14:15","EDT (UTC-04:00); America/New_York","25","RevOps Circle","5th Floor Breakout Room","RevOps Circle: Reshare","Breakout","IN_PERSON","Tables share their lines. The room pressure-tests each one: would a GTM Engineer call it honest, or is it RevOps protecting territory? Then lock your quadrant on the slide.","","Full description published","Josh Carter; Head of RevOps; 1mind","Josh Carter: https://linkedin.com/in/joshcarter1116","Josh Carter: Not published","","","https://apiro.accelevents.com/r/events/gtm2026/session/444914?expand=","Tue Sep 22 2026 12:40:04 GMT-0400 (Eastern Daylight Time)"
"443617","2026-09-29","Tuesday","13:50","14:00","EDT (UTC-04:00); America/New_York","10","CRO Circle","Breakout 2","CRO Circle: Synthesize → Block 4","Regular Session","IN_PERSON","Guy Rubin closes the block: what the ownership designs had in common, where the room split, and which claims the benchmarks actually support. Then into How You Sell.","","Full description published","Guy Rubin; Revenue Intelligence Managing Director; Fullcast","Guy Rubin: https://linkedin.com/in/rubinguy","Guy Rubin: Not published","","","https://apiro.accelevents.com/r/events/gtm2026/session/443617?expand=","Tue Sep 22 2026 12:40:02 GMT-0400 (Eastern Daylight Time)"
"443625","2026-09-29","Tuesday","14:00","14:15","EDT (UTC-04:00); America/New_York","15","CRO Circle","Breakout 2","CRO Circle: Afternoon Break","Break","IN_PERSON","","","No description published","","","","","","https://apiro.accelevents.com/r/events/gtm2026/session/443625?expand=","Tue Sep 22 2026 12:40:02 GMT-0400 (Eastern Daylight Time)"
"444915","2026-09-29","Tuesday","14:15","14:30","EDT (UTC-04:00); America/New_York","15","RevOps Circle","5th Floor Breakout Room","RevOps Circle: Afternoon Break","Break","IN_PERSON","","","No description published","","","","","","https://apiro.accelevents.com/r/events/gtm2026/session/444915?expand=","Tue Sep 22 2026 12:40:04 GMT-0400 (Eastern Daylight Time)"
"443622","2026-09-29","Tuesday","14:15","15:00","EDT (UTC-04:00); America/New_York","45","CRO Circle","Breakout 2","CRO Circle: The Mindset Shift of an AI-Powered Sales Athlete: The Human Advantage in an AI-Powered World","Regular Session","IN_PERSON","AI is putting product knowledge, account research, competitive insights, and polished messaging within reach of every seller, and customers now expect a seller who understands their business and has an informed point of view. But more information doesn't automatically lead to better conversations or better buying decisions. What differentiates elite GTM teams is the shift from presenting solutions to facilitating the buying journey: bringing the right insights at the right time, helping customers define the real business problems, aligning stakeholders, and qualifying in a way that improves forecast accuracy. AI helps sellers build an informed point of view faster, but without a methodology it creates more activity and more noise. CROs leave with a practical framework for combining human judgment, AI, and methodology into a revenue engine that helps customers make better decisions.","","Full description published","Brian Walsh; Managing Director; Force Management","Brian Walsh: https://www.linkedin.com/in/brian-walsh-b686413/","Brian Walsh: Not published","","","https://apiro.accelevents.com/r/events/gtm2026/session/443622?expand=","Tue Sep 22 2026 12:40:02 GMT-0400 (Eastern Daylight Time)"
"443804","2026-09-29","Tuesday","14:15","14:30","EDT (UTC-04:00); America/New_York","15","CMO Circle","Main Stage","CMO Circle: Afternoon Break","Break","IN_PERSON","","","No description published","","","","","","https://apiro.accelevents.com/r/events/gtm2026/session/443804?expand=","Tue Sep 22 2026 12:40:03 GMT-0400 (Eastern Daylight Time)"
"444898","2026-09-29","Tuesday","14:20","15:15","EDT (UTC-04:00); America/New_York","55","CEO Circle","Breakout 1","CEO Circle: Investor Session","Regular Session","IN_PERSON","","","No description published","","","","","","https://apiro.accelevents.com/r/events/gtm2026/session/444898?expand=","Tue Sep 22 2026 12:40:03 GMT-0400 (Eastern Daylight Time)"
"444916","2026-09-29","Tuesday","14:30","15:15","EDT (UTC-04:00); America/New_York","45","RevOps Circle","5th Floor Breakout Room","RevOps Circle: Who is accountable when the agents are wrong","Regular Session","IN_PERSON","","","No description published","","","","","","https://apiro.accelevents.com/r/events/gtm2026/session/444916?expand=","Tue Sep 22 2026 12:40:04 GMT-0400 (Eastern Daylight Time)"
"443697","2026-09-29","Tuesday","14:30","15:00","EDT (UTC-04:00); America/New_York","30","CMO Circle","Main Stage","CMO Circle: The moat","Regular Session","IN_PERSON","","","No description published","","","","","","https://apiro.accelevents.com/r/events/gtm2026/session/443697?expand=","Tue Sep 22 2026 12:40:02 GMT-0400 (Eastern Daylight Time)"
"443619","2026-09-29","Tuesday","15:00","15:20","EDT (UTC-04:00); America/New_York","20","CRO Circle","Breakout 2","CRO Circle: Forecast rebuild","Breakout","IN_PERSON","","Rebuild your forecast methodology assuming AI runs every pipeline review and deal inspection. Where does the human still override the model?","Short summary only","","","","","","https://apiro.accelevents.com/r/events/gtm2026/session/443619?expand=","Tue Sep 22 2026 12:40:02 GMT-0400 (Eastern Daylight Time)"
"444525","2026-09-29","Tuesday","15:00","15:30","EDT (UTC-04:00); America/New_York","30","CMO Circle","Main Stage","CMO Circle: Quadrant build — THE MOAT","Breakout","IN_PERSON","Name one to three marketing motions AI cannot commoditize for your business. Defend each. Then write the day's hardest line: the headline of your slide.","","Full description published","","","","","","https://apiro.accelevents.com/r/events/gtm2026/session/444525?expand=","Tue Sep 22 2026 12:40:03 GMT-0400 (Eastern Daylight Time)"
"444917","2026-09-29","Tuesday","15:15","15:40","EDT (UTC-04:00); America/New_York","25","RevOps Circle","5th Floor Breakout Room","RevOps Circle: Quadrant build — THE ACCOUNTABILITY LINE + HEADLINE","Breakout","IN_PERSON","Pick one revenue mistake an agent could plausibly make. Write the audit trail that catches it, the kill switch that stops it, and the conversation with your CRO after. Then write the slide's headline.","","Full description published","","","","","","https://apiro.accelevents.com/r/events/gtm2026/session/444917?expand=","Tue Sep 22 2026 12:40:04 GMT-0400 (Eastern Daylight Time)"
"444899","2026-09-29","Tuesday","15:15","15:30","EDT (UTC-04:00); America/New_York","15","CEO Circle","Breakout 1","CEO Circle: Afternoon Break","Break","IN_PERSON","","","No description published","","","","","","https://apiro.accelevents.com/r/events/gtm2026/session/444899?expand=","Tue Sep 22 2026 12:40:03 GMT-0400 (Eastern Daylight Time)"
"443620","2026-09-29","Tuesday","15:20","15:30","EDT (UTC-04:00); America/New_York","10","CRO Circle","Room not published","CRO Circle: Report back: forecast rebuilds","Breakout","IN_PERSON","","Tables share. Room votes on which forecast their CFO would actually believe.","Short summary only","","","","","Additional public-feed entry absent from the six embedded agenda widgets in the first scrape.","https://apiro.accelevents.com/r/events/gtm2026/session/443620?expand=","Tue Sep 22 2026 12:40:02 GMT-0400 (Eastern Daylight Time)"
"444900","2026-09-29","Tuesday","15:30","16:15","EDT (UTC-04:00); America/New_York","45","CEO Circle","Breakout 1","CEO Circle: What Your Team Wishes You Knew","Regular Session","IN_PERSON","","","No description published","","","","","","https://apiro.accelevents.com/r/events/gtm2026/session/444900?expand=","Tue Sep 22 2026 12:40:03 GMT-0400 (Eastern Daylight Time)"
"443621","2026-09-29","Tuesday","15:30","15:40","EDT (UTC-04:00); America/New_York","10","CRO Circle","Breakout 2","CRO Circle: Afternoon Break","Break","IN_PERSON","","","No description published","","","","","","https://apiro.accelevents.com/r/events/gtm2026/session/443621?expand=","Tue Sep 22 2026 12:40:02 GMT-0400 (Eastern Daylight Time)"
"444585","2026-09-29","Tuesday","15:30","16:00","EDT (UTC-04:00); America/New_York","30","CMO Circle","Main Stage","CMO Circle: Reshare","Breakout","IN_PERSON","Tables share moat + headline. Room votes on the most defensible headline. Then lock your quadrant on the slide.","","Full description published","Kathleen Booth; VP of Marketing; Sequel.io","Kathleen Booth: https://linkedin.com/in/kathleenslatterybooth","Kathleen Booth: Not published","","","https://apiro.accelevents.com/r/events/gtm2026/session/444585?expand=","Tue Sep 22 2026 12:40:03 GMT-0400 (Eastern Daylight Time)"
"444919","2026-09-29","Tuesday","15:40","16:05","EDT (UTC-04:00); America/New_York","25","RevOps Circle","5th Floor Breakout Room","RevOps Circle: Reshare","Breakout","IN_PERSON","Tables share. Room votes on the headline the GTM Engineer can't argue with. Then lock your quadrant on the slide.","","Full description published","Josh Carter; Head of RevOps; 1mind","Josh Carter: https://linkedin.com/in/joshcarter1116","Josh Carter: Not published","","","https://apiro.accelevents.com/r/events/gtm2026/session/444919?expand=","Tue Sep 22 2026 12:40:04 GMT-0400 (Eastern Daylight Time)"
"443618","2026-09-29","Tuesday","15:40","16:25","EDT (UTC-04:00); America/New_York","45","CRO Circle","Breakout 2","CRO Circle: FEATURE — CRO comp & equity in an underwater world","Regular Session","IN_PERSON","The practical answer to the morning's fear. Negotiating your contract when equity is underwater and companies stay private longer: carve-outs, milestone and cash-weighted structures, retention bonuses, extended exercise windows, liquidity that is not tied to an exit. Anchored by Pavilion's existing comp-negotiation handbook. Russ already runs these conversations with members.","","Full description published","Russell Mikowski; Co-Founder & CEO; 3PunchConvo","Russell Mikowski: https://linkedin.com/in/russell-mikowski","Russell Mikowski: Not published","","","https://apiro.accelevents.com/r/events/gtm2026/session/443618?expand=","Tue Sep 22 2026 12:40:02 GMT-0400 (Eastern Daylight Time)"
"444637","2026-09-29","Tuesday","16:00","16:15","EDT (UTC-04:00); America/New_York","15","CMO Circle","Main Stage","CMO Circle: Afternoon Break","Break","IN_PERSON","","","No description published","","","","","","https://apiro.accelevents.com/r/events/gtm2026/session/444637?expand=","Tue Sep 22 2026 12:40:03 GMT-0400 (Eastern Daylight Time)"
"444920","2026-09-29","Tuesday","16:05","16:15","EDT (UTC-04:00); America/New_York","10","RevOps Circle","5th Floor Breakout Room","RevOps Circle: Afternoon Break","Break","IN_PERSON","","","No description published","","","","","","https://apiro.accelevents.com/r/events/gtm2026/session/444920?expand=","Tue Sep 22 2026 12:40:04 GMT-0400 (Eastern Daylight Time)"
"444921","2026-09-29","Tuesday","16:15","16:55","EDT (UTC-04:00); America/New_York","40","RevOps Circle","5th Floor Breakout Room","RevOps Circle: PRESENTATION — The CRO and the GTM Engineer Are in the Room","Breakout","IN_PERSON","Each table presents the one slide it built across the day: what the agents can believe, what they're allowed to do, who builds what, and the accountability line. Three minutes each. This is the room's answer to the Catapult's two questions. A panel role-playing a sitting CRO and a Head of GTM Engineering pressure-tests each pitch; the top three by room vote get the panel's direct reaction.","","Full description published","Josh Carter; Head of RevOps; 1mind","Josh Carter: https://linkedin.com/in/joshcarter1116","Josh Carter: Not published","","","https://apiro.accelevents.com/r/events/gtm2026/session/444921?expand=","Tue Sep 22 2026 12:40:04 GMT-0400 (Eastern Daylight Time)"
"444656","2026-09-29","Tuesday","16:15","16:55","EDT (UTC-04:00); America/New_York","40","CMO Circle","Main Stage","CMO Circle: PRESENTATION - The CEO is in the room","Breakout","IN_PERSON","Each table presents the one slide it built across the day, quadrant by quadrant: who stays human, where agents sit, who owns the buyer, the moat. Three minutes each. This is the room's answer to the morning's Catapult, and Rich Gardner plays the CEO who asked it: he judges each pitch the way a CEO would, sharp and time-pressed and skeptical. Top three by room vote. Then Kathleen Booth pulls the winning slides into one CMO manifesto the room owns.","","Full description published","Kathleen Booth; VP of Marketing; Sequel.io
Rich Gardner; President; Pavilion","Kathleen Booth: https://linkedin.com/in/kathleenslatterybooth
Rich Gardner: https://linkedin.com/in/rich-gardner","Kathleen Booth: Not published

Rich Gardner: Not published","","","https://apiro.accelevents.com/r/events/gtm2026/session/444656?expand=","Tue Sep 22 2026 12:40:03 GMT-0400 (Eastern Daylight Time)"
"444901","2026-09-29","Tuesday","16:20","17:00","EDT (UTC-04:00); America/New_York","40","CEO Circle","Breakout 1","CEO Circle: Closing Keynote - The Transformational CEO","Regular Session","IN_PERSON","","","No description published","","","","","","https://apiro.accelevents.com/r/events/gtm2026/session/444901?expand=","Tue Sep 22 2026 12:40:03 GMT-0400 (Eastern Daylight Time)"
"443623","2026-09-29","Tuesday","16:25","17:00","EDT (UTC-04:00); America/New_York","35","CRO Circle","Breakout 2","CRO Circle: Closing — Board-room simulation + the principles we commit to","Breakout","IN_PERSON","It's Q4 2026. A big share of your org is non-human. Each table drafts a one-slide board statement (what changed, what stayed, the number) and contributes one or two principles for future-proofing the role. Top three statements read aloud. We leave with a shared, community-owned set of principles.","","Full description published","Ryan Meadows; CRO; Lovable","Ryan Meadows: https://linkedin.com/in/rmeadows","Ryan Meadows: Ryan Meadows builds and scales global go-to-market teams for market-leading technology companies. Most recently as CRO at Lovable, Ryan established the GTM engine from scratch, taking the company from under $100M to over $500M ARR in a single year. Previously, he led GTM at Klaviyo during its run from under $100M to past $1B ARR, and spent eight years at HubSpot, where he opened and ran international hubs in Tokyo and Berlin.","","","https://apiro.accelevents.com/r/events/gtm2026/session/443623?expand=","Tue Sep 22 2026 12:40:02 GMT-0400 (Eastern Daylight Time)"
"444923","2026-09-29","Tuesday","16:55","17:00","EDT (UTC-04:00); America/New_York","5","RevOps Circle","5th Floor Breakout Room","RevOps Circle: Closing Remarks","Regular Session","IN_PERSON","","What we built today. What changes Monday. The function survives, the job gets rewritten. Old foundations, new operators.","Short summary only","Josh Carter; Head of RevOps; 1mind","Josh Carter: https://linkedin.com/in/joshcarter1116","Josh Carter: Not published","","","https://apiro.accelevents.com/r/events/gtm2026/session/444923?expand=","Tue Sep 22 2026 12:40:04 GMT-0400 (Eastern Daylight Time)"
"444703","2026-09-29","Tuesday","16:55","17:00","EDT (UTC-04:00); America/New_York","5","CMO Circle","Main Stage","CMO Circle: Closing Remarks","Regular Session","IN_PERSON","","Kathleen Booth recaps what the room built, the shared CMO manifesto everyone leaves with, and what actually changes Monday morning.","Short summary only","Kathleen Booth; VP of Marketing; Sequel.io","Kathleen Booth: https://linkedin.com/in/kathleenslatterybooth","Kathleen Booth: Not published","","","https://apiro.accelevents.com/r/events/gtm2026/session/444703?expand=","Tue Sep 22 2026 12:40:03 GMT-0400 (Eastern Daylight Time)"
"443626","2026-09-29","Tuesday","17:00","18:00","EDT (UTC-04:00); America/New_York","60","CMO Circle | RevOps Circle | CRO Circle | CEO Circle","Exhibitor Hall","Circles Day Cocktail Reception","Networking","IN_PERSON","","","No description published","","","","","","https://apiro.accelevents.com/r/events/gtm2026/session/443626?expand=","Tue Sep 22 2026 12:40:02 GMT-0400 (Eastern Daylight Time)"
"443602","2026-09-30","Wednesday","08:00","09:00","EDT (UTC-04:00); America/New_York","60","GTM","The Glasshouse","Breakfast & Registration","Other","IN_PERSON","","","No description published","","","","","","https://apiro.accelevents.com/r/events/gtm2026/session/443602?expand=","Tue Sep 22 2026 12:40:01 GMT-0400 (Eastern Daylight Time)"
"439510","2026-09-30","Wednesday","09:00","09:40","EDT (UTC-04:00); America/New_York","40","GTM","Main Stage","GTM Day 1 | Welcome Remarks & Keynote","Keynote Session","IN_PERSON","","","No description published","Sam Jacobs; CEO; Pavilion","Sam Jacobs: Not published","Sam Jacobs: Not published","","","https://apiro.accelevents.com/r/events/gtm2026/session/439510?expand=","Tue Sep 22 2026 12:39:59 GMT-0400 (Eastern Daylight Time)"
"439511","2026-09-30","Wednesday","09:45","10:25","EDT (UTC-04:00); America/New_York","40","GTM","Main Stage","The Live Pulse: What This Room Actually Believes About AI","Keynote Session","IN_PERSON","How much AI adoption is real? How many agents are actually running in production? Which initiatives have quietly stalled? Do you have ROI on your AI initiatives? Is AI coming for your role? 

In this session, you and every leader in the room answer anonymously from your phones, and the results are filtered by functional area. Andy Jolls and Jonathan Moss call each result as it lands, debate the question everyone is quietly asking, and turn the room's own data into insights everyone can use 24 hours later.","","Full description published","Jonathon Moss; EVP - Growth, Partnerships and Incubation; Experity
Andy Jolls; Founder/CEO; Roxology, LLC","Jonathon Moss: https://linkedin.com/in/mossjonathan
Andy Jolls: https://linkedin.com/in/ajolls","Jonathon Moss: Jonathan Moss is a growth and revenue operations executive with more than 20 years of experience building durable revenue systems for organizations ranging from startups to global enterprises. He serves as EVP of Growth and Partnerships at Experity, co-leads the AI in GTM community, and is Co-Dean of Pavilion’s AI & GTM School. He created the GTM AI newsletter and podcast and has written for Harvard Business Review and The Growth Journal. A certified Revenue and Growth Architect, Jonathan helps organizations apply AI, unlock new growth vectors, and scale responsibly.

Andy Jolls: Andy Jolls is a five-time Chief Marketing Officer with a career spanning enterprise companies including Apple and HP and five successful company exits. He is a Dean of the AI in GTM School at Pavilion, where he also co-built the AI in GTM channel, now a community of over 2,800 GTM professionals, and has served as Chair for the CMO functional group (1,100 members) for six years.

A hands-on AI practitioner and educator, Andy has trained thousands of professionals in through workshops, virtual sessions, and direct consulting with organizations ranging from startups to large enterprises.

Today, Andy leads Roxology, LLC, a consultancy focused on helping organizations navigate the AI in GTM journey","","","https://apiro.accelevents.com/r/events/gtm2026/session/439511?expand=","Tue Sep 22 2026 12:39:59 GMT-0400 (Eastern Daylight Time)"
"439512","2026-09-30","Wednesday","10:30","11:00","EDT (UTC-04:00); America/New_York","30","GTM","Main Stage","AI in the Operating Trenches: Fireside Chat","Keynote Session","IN_PERSON","","","No description published","Julia Segel; Vice President of Sales & Success; Pavilion
Ryan Meadows; CRO; Lovable
Jamie Domenici; CMO; Klaviyo","Julia Segel: https://linkedin.com/in/juliadsegel
Ryan Meadows: https://linkedin.com/in/rmeadows
Jamie Domenici: https://linkedin.com/in/jdomenici","Julia Segel: Not published

Ryan Meadows: Ryan Meadows builds and scales global go-to-market teams for market-leading technology companies. Most recently as CRO at Lovable, Ryan established the GTM engine from scratch, taking the company from under $100M to over $500M ARR in a single year. Previously, he led GTM at Klaviyo during its run from under $100M to past $1B ARR, and spent eight years at HubSpot, where he opened and ran international hubs in Tokyo and Berlin.

Jamie Domenici: Jamie Domenici is the Chief Marketing Officer of Klaviyo (NYSE: KVYO), where she leads the company's global marketing organization, overseeing brand strategy, communications, product marketing, and demand generation. Since joining in 2023, she has helped lead Klaviyo through its IPO and shape the company's evolution into the first B2C CRM. In 2026, Jamie was recognized as one of the B2B CMO 100, named to Adweek's AI Power 50, and included on CMO Alliance's CMOs to Watch list.

Before Klaviyo, Jamie was Chief Marketing Officer at GoTo (formerly LogMeIn), where she led the company's global rebrand. Earlier, she spent more than a decade at Salesforce in senior marketing leadership roles, helping shape the company's customer success strategy and launch its pioneering ""Success as a Service"" model.","","","https://apiro.accelevents.com/r/events/gtm2026/session/439512?expand=","Tue Sep 22 2026 12:39:59 GMT-0400 (Eastern Daylight Time)"
"439529","2026-09-30","Wednesday","11:00","11:30","EDT (UTC-04:00); America/New_York","30","GTM","Exhibitor Hall & Main Stage","Morning Break","Break","IN_PERSON","","","No description published","","","","","","https://apiro.accelevents.com/r/events/gtm2026/session/439529?expand=","Tue Sep 22 2026 12:39:59 GMT-0400 (Eastern Daylight Time)"
"442678","2026-09-30","Wednesday","11:00","11:20","EDT (UTC-04:00); America/New_York","20","GTM","Spotlight Stage","Spotlight Stage Session: Do you actually need an AI CRM? The answer may surprise you.","Expo","IN_PERSON","Nearly every CRM now claims to be powered by AI. But adding a copilot to a legacy system is different from building a CRM around agents—and neither approach automatically means replacing your current platform is the right decision.

In this practical workshop, Matt will explain what meaningfully separates a traditional CRM with AI features from an AI-native CRM, including two approaches differ across customer context, data architecture, automation, agent capabilities, and the work still required from users.

Attendees will leave with a straightforward framework for deciding whether to keep, augment, or replace their current CRM, and the questions they should ask before betting their GTM organization on a new category of software.","","Full description published","Matt Serna; Head of GTM; Lightfield","Matt Serna: https://linkedin.com/in/mattserna","Matt Serna: Matt Serna is Head of GTM at Lightfield, where he works with companies deploying AI agents across customer acquisition, engagement, and retention. He previously served as a marketing and revops leader at Replicant, a leader in the AI-customer service category, and Notable, an early pioneer in using AI to automate back-ofice healthcare workflows. Earlier, he led global industry product marketing at MuleSoft, a Salesforce comapny. Across his career, Matt has helped category-defining technology companies bring AI and automation into complex, business-critical workflows.","","","https://apiro.accelevents.com/r/events/gtm2026/session/442678?expand=","Tue Sep 22 2026 12:40:01 GMT-0400 (Eastern Daylight Time)"
"439513","2026-09-30","Wednesday","11:30","12:10","EDT (UTC-04:00); America/New_York","40","GTM","Breakout 1","The bottleneck is culture, not judgment","Regular Session","IN_PERSON","","","No description published","Chris Savage; Founder & CEO; Wistia","Chris Savage: https://linkedin.com/in/cjsavage","Chris Savage: Chris Savage is the co-founder and CEO of Wistia, the video marketing platform trusted by more than 450,000 businesses around the world. Over the past 20 years, he has helped grow Wistia into one of the industry's leading independent software companies, empowering marketers to create, host, repurpose, analyze, and measure the impact of their videos and live events.","","","https://apiro.accelevents.com/r/events/gtm2026/session/439513?expand=","Tue Sep 22 2026 12:39:59 GMT-0400 (Eastern Daylight Time)"
"439515","2026-09-30","Wednesday","11:30","12:10","EDT (UTC-04:00); America/New_York","40","GTM","Breakout 2","Leading GTM Teams Through AI Uncertainty","Regular Session","IN_PERSON","","","No description published","Amanda Cole; CMO; Bloomreach","Amanda Cole: https://www.linkedin.com/in/amandajoycole","Amanda Cole: Amanda Cole serves as Chief Marketing Officer of Bloomreach, leading the execution of the company’s marketing strategy to drive further business demand and brand awareness. Amanda is a passionate marketing professional with more than 20 years of experience in helping SaaS companies build impactful brands, communicate differentiated value, and grow high-performing marketing teams. She previously served as the company’s Senior Vice President of Global Marketing, having joined in January 2021 through the acquisition of Exponea. Prior to joining Exponea, Amanda served as Vice President, Demand Generation at Blueshift, a customer data platform, and before that served as Vice President of Marketing, Americas and Global Programs at Basware, a financial software company. Amanda also serves on the MACH Alliance Executive Board, helping the Alliance to remain true to its vision, mission, and values by providing strategic direction.","","","https://apiro.accelevents.com/r/events/gtm2026/session/439515?expand=","Tue Sep 22 2026 12:39:59 GMT-0400 (Eastern Daylight Time)"
"439514","2026-09-30","Wednesday","11:30","12:10","EDT (UTC-04:00); America/New_York","40","GTM","Main Stage","Winning with Your New Board","Regular Session","IN_PERSON","","","No description published","Andrew Mahr; CRO; Wpromote x Giant Spoon","Andrew Mahr: https://www.linkedin.com/in/andrewmahr/","Andrew Mahr: Andrew fell in love with technology in middle school, writing PERL apps and wasting absurd hours overclocking Pentium chips. At Georgetown he majored in government but continued coding on the side, eventually writing an event management system to handle campus-wide ticket lotteries and, rumor had it, generate event passes for girls he wanted to impress. For the last 15 years he's been leading revenue teams in SaaS and professional services. He grew up Third Culture but is now just about settled in the Metro DC area.","","","https://apiro.accelevents.com/r/events/gtm2026/session/439514?expand=","Tue Sep 22 2026 12:39:59 GMT-0400 (Eastern Daylight Time)"
"442496","2026-09-30","Wednesday","11:30","11:50","EDT (UTC-04:00); America/New_York","20","GTM","Spotlight Stage","Spotlight Stage Session: Stop Using AI to Do the Wrong Things Faster","Expo","IN_PERSON","Enterprise buyers are consolidating their stacks and re-justifying every recurring contract against what the AI inside a platform they already own can do for the same money. Where they state a preference, they are choosing the vendor they already trust over the one built around AI, and a growing share are skipping the purchase entirely because they think they can build it themselves. That math squeezes hardest in the middle. Too big to win on price, too small to be the platform, and now competing against both the incumbent's roadmap and the buyer's own build. We will discuss what actually separates the vendors that survive a consolidation review from the ones that quietly lose the seat, and the proof that keeps you on the list when the buying group is deciding what to eliminate.","Why the next generation of GTM won't be built by automating the old reactive playbook.","Full description published","Christina Brady; CEO & Co-Founder; Luster","Christina Brady: https://linkedin.com/in/christinapbrady","Christina Brady: Not published","","","https://apiro.accelevents.com/r/events/gtm2026/session/442496?expand=","Tue Sep 22 2026 12:40:01 GMT-0400 (Eastern Daylight Time)"
"441622","2026-09-30","Wednesday","12:00","12:15","EDT (UTC-04:00); America/New_York","15","GTM","Spotlight Stage","Spotlight Stage Session: The Mid-Market Extinction Event?","Expo","IN_PERSON","Enterprise buyers are consolidating their stacks and re-justifying every recurring contract against what the AI inside a platform they already own can do for the same money. Where they state a preference, they are choosing the vendor they already trust over the one built around AI, and a growing share are skipping the purchase entirely because they think they can build it themselves. That math squeezes hardest in the middle. Too big to win on price, too small to be the platform, and now competing against both the incumbent's roadmap and the buyer's own build. We will discuss what actually separates the vendors that survive a consolidation review from the ones that quietly lose the seat, and the proof that keeps you on the list when the buying group is deciding what to eliminate.","","Full description published","Stephanie Helbig; Sr. Growth Marketing Manager; Infuse","Stephanie Helbig: https://linkedin.com/in/sthelbig","Stephanie Helbig: Not published","","","https://apiro.accelevents.com/r/events/gtm2026/session/441622?expand=","Tue Sep 22 2026 12:40:00 GMT-0400 (Eastern Daylight Time)"
"439530","2026-09-30","Wednesday","12:15","13:30","EDT (UTC-04:00); America/New_York","75","GTM","Exhibitor Hall & Main Stage","Lunch","Break","IN_PERSON","","","No description published","","","","","","https://apiro.accelevents.com/r/events/gtm2026/session/439530?expand=","Tue Sep 22 2026 12:39:59 GMT-0400 (Eastern Daylight Time)"
"441624","2026-09-30","Wednesday","12:20","12:35","EDT (UTC-04:00); America/New_York","15","GTM","Spotlight Stage","Spotlight Stage Session:  How to build an AI GTM brain & turn it into an always-on pipeline engine","Expo","IN_PERSON","Every GTM team wants an internal AI brain, but most haven't yet built one that generates meaningful pipeline. Christian and Trinity share step-by-step how to build one—including the mistakes to watch out for. More importantly, they'll cover how to turn that brain into campaigns anyone on the revenue team can run to generate more pipeline than manual efforts ever could.

You'll leave with the exact how-to, framework, and playbooks to start implementing the next day.","","Full description published","Trinity Nguyen; Chief Marketing Officer; UserGems
Christian Kletzl; CEO & Co-founder; UserGems","Trinity Nguyen: http://linkedin.com/in/trinitynguyen
Christian Kletzl: https://linkedin.com/in/christiankletzl","Trinity Nguyen: Trinity Nguyen is the CMO at UserGems — an AI command center for outbound and ABM, the brain behind your go-to-market. She helps revenue teams adopt AI in ways that hold up under real conditions: quality data, sound judgment, and frameworks built for practitioners, not slideware. Trinity is known for cutting through AI hype to focus on what actually drives results, thinking in systems, and translating complex GTM problems into clear, usable playbooks.

Christian Kletzl: Not published","","","https://apiro.accelevents.com/r/events/gtm2026/session/441624?expand=","Tue Sep 22 2026 12:40:00 GMT-0400 (Eastern Daylight Time)"
"441625","2026-09-30","Wednesday","12:40","12:55","EDT (UTC-04:00); America/New_York","15","GTM","Spotlight Stage","Spotlight Stage Session: How to turn real-time G2 buyer signals into revenue","Expo","IN_PERSON","Most go-to-market teams don’t have a data problem. They have an orchestration problem. The signals that reveal which buyers are in-market, what competitors are researching, what they care about, and where revenue opportunities are emerging already exist, but too often they’re fragmented across systems or surface too late to change the outcome. In this session, learn how G2 turns real-time buyer behavior and verified customer insights into an AI-native operating system that helps teams prioritize the right accounts, personalize engagement, and act while intent is high. You’ll see how predictive signals and agentic workflows can replace generic outreach and lagging indicators with timely, context-rich action across marketing and sales. Walk away with a practical blueprint for moving from simply collecting buyer signals to operationalizing them in ways that accelerate pipeline and drive revenue.","","Full description published","Matt Ryan; VP, Global Solutions & Customer Success; G2","Matt Ryan: https://linkedin.com/in/matthewwryan","Matt Ryan: Not published","","","https://apiro.accelevents.com/r/events/gtm2026/session/441625?expand=","Tue Sep 22 2026 12:40:00 GMT-0400 (Eastern Daylight Time)"
"441626","2026-09-30","Wednesday","13:00","13:15","EDT (UTC-04:00); America/New_York","15","GTM","Spotlight Stage","Spotlight Stage Session: The AI Sales Org of 2026","Expo","IN_PERSON","","What should AI vs. humans own in your GTM org?","Short summary only","Jaspar Carmichael-Jack; Founder & CEO; Artisan","Jaspar Carmichael-Jack: https://linkedin.com/in/jaspar-carmichael-jack","Jaspar Carmichael-Jack: Not published","","","https://apiro.accelevents.com/r/events/gtm2026/session/441626?expand=","Tue Sep 22 2026 12:40:01 GMT-0400 (Eastern Daylight Time)"
"439516","2026-09-30","Wednesday","13:30","14:10","EDT (UTC-04:00); America/New_York","40","GTM","Breakout 1","Winning the Answer: How to be found in the age of AI","Regular Session","IN_PERSON","G2’s latest research finds that 82% of buyers have sourced software recommendations from AI chatbots, giving the brands that show up in those answers a powerful advantage. But being found is only the beginning: as AI accelerates discovery, buyers are spending more time evaluating vendors — looking for trusted evidence from customers and third parties to validate what AI tells them.

In this session, G2 President of GTM Eric Gilpin will explore what this shift means for marketing and sales leaders — from building visibility in AI-generated answers to establishing the trusted proof that buyers and AI rely on during evaluation. Attendees will leave with a clearer understanding of how to align marketing, customer proof, and sales around a new GTM imperative: win the answer, earn a place on the shortlist, and give buyers the confidence to choose you.","","Full description published","Eric Gilpin; President; G2","Eric Gilpin: https://linkedin.com/in/ericgilpin","Eric Gilpin: Eric Gilpin is President of GTM at G2, the world’s largest and most trusted software marketplace. In this role, he leads G2’s unified GTM organization, aligning global marketing, sales, customer success, partnerships, enablement, and revenue operations under a single strategy. Eric joined G2 in September 2023 as CRO, bringing more than 20 years of experience scaling marketplace and technology businesses. Prior to G2, he was CRO and Enterprise GM at Upwork, where he oversaw a global team of 400+ and helped guide the company through its successful IPO in 2018 (NASDAQ: UPWK), scaling the business to more than $600 million in annual revenue while serving roughly half of the Fortune 500. Earlier in his career, Eric held multiple leadership roles at CareerBuilder, most recently as President of Vertical Sales. He is a limited partner at GTMfund and an advisory board member at Sales Assembly. Based in Chicago, Eric holds an MBA from Southern Methodist University’s Cox School of Business.","","","https://apiro.accelevents.com/r/events/gtm2026/session/439516?expand=","Tue Sep 22 2026 12:39:59 GMT-0400 (Eastern Daylight Time)"
"439517","2026-09-30","Wednesday","13:30","14:10","EDT (UTC-04:00); America/New_York","40","GTM","Breakout 2","The Trust Collapse: What Enterprise Buyers Actually Think About Your AI Strategy & Your Credibility","Regular Session","IN_PERSON","A year after we named the trust gap as the defining condition of B2B buying, we went back to the market. This session unveils findings from our survey of enterprise business and technology buyers on what they really think about vendor AI claims, and it is uncomfortable reading for most GTM teams. Buyers are not skeptical about AI. They are optimistic about it, and they are using that optimism to put every vendor they already pay for back on trial. Every vendor now claims AI readiness, so the claim itself has stopped counting for anything. What buyers test instead is whether the AI proves out inside the stack they already run, whether comparable companies will vouch that it worked, and whether the vendor will say plainly what the AI does not do. We will walk through the research and what it changes about how credibility gets earned, what evidence belongs in front of a buying group, and how to be ready for a conversation before the shortlist is set, without a single AI claim you cannot prove.","","Full description published","Victoria Albert; CMO; INFUSE","Victoria Albert: https://linkedin.com/in/victoriaalbert","Victoria Albert: Victoria Albert serves as INFUSE’s CMO) leading global marketing and GTM initiatives with a focus on impact and growth. Her cross-functional expertise and vertical depth, paired with a pragmatic approach to marketing, have consistently delivered growth across competitive markets.","","","https://apiro.accelevents.com/r/events/gtm2026/session/439517?expand=","Tue Sep 22 2026 12:39:59 GMT-0400 (Eastern Daylight Time)"
"439518","2026-09-30","Wednesday","13:30","14:10","EDT (UTC-04:00); America/New_York","40","GTM","Main Stage","The GTM Operating System: How Modern CMOs Build Alignment, Trust & Compounding Growth","Regular Session","IN_PERSON","","","No description published","Allison Munro; CMEO; Vena Solutions","Allison Munro: https://www.linkedin.com/in/allisondmunro/","Allison Munro: Allison Munro is the Chief Marketing & Ecosystem Officer at Vena, where she leads Marketing, Ecosystem, and GTM strategy for one of the fastest-growing finance transformation platforms. With over 20 years of experience in scaling SaaS businesses, Allison has built a reputation as a modern CMO who blends operator rigor with human-centered leadership. She is known for her GTM Operating System approach—integrating strategic planning, budgeting as strategy allocation, accountability as a learning loop, and AI as an accelerator for alignment and psychological safety. Allison is a sought-after speaker on GTM leadership, organizational performance, and the evolving role of the CMO as a system architect in high-growth organizations.","","","https://apiro.accelevents.com/r/events/gtm2026/session/439518?expand=","Tue Sep 22 2026 12:39:59 GMT-0400 (Eastern Daylight Time)"
"441628","2026-09-30","Wednesday","13:40","13:55","EDT (UTC-04:00); America/New_York","15","GTM","Spotlight Stage","Spotlight Stage Session: Know What's Next","Expo","IN_PERSON","","","No description published","Rick Kickert; Co-Founder and CEO; RevLogic","Rick Kickert: https://linkedin.com/in/rickkickert","Rick Kickert: Not published","","","https://apiro.accelevents.com/r/events/gtm2026/session/441628?expand=","Tue Sep 22 2026 12:40:01 GMT-0400 (Eastern Daylight Time)"
"441629","2026-09-30","Wednesday","14:00","14:15","EDT (UTC-04:00); America/New_York","15","GTM","Spotlight Stage","Spotlight Stage Session: Houston, we have a problem–your AI is missing the ""why"" behind buyer decisions","Expo","IN_PERSON","Revenue performance often looks stable … until it isn’t. In this session, we’ll draw on lessons from Apollo 13 to show how traditional GTM systems surface signals, not root causes. GTM leaders will learn how AI-powered feedback collection, analysis, and querying uncover the context behind buyer decisions—helping teams diagnose pipeline gaps earlier, identify hidden revenue risks, and make smarter decisions that drive growth.","","Full description published","Jim Galon; VP of North America Sales; Clozd","Jim Galon: https://linkedin.com/in/galonconsulting","Jim Galon: Not published","","","https://apiro.accelevents.com/r/events/gtm2026/session/441629?expand=","Tue Sep 22 2026 12:40:01 GMT-0400 (Eastern Daylight Time)"
"439519","2026-09-30","Wednesday","14:15","14:55","EDT (UTC-04:00); America/New_York","40","GTM","Breakout 1","PE/VC and the AI Use Cases That Matter","Regular Session","IN_PERSON","","","No description published","AJ Gandhi; Chief Commercial Officer; Alix","AJ Gandhi: https://linkedin.com/in/anjaigandhi","AJ Gandhi: Not published","","","https://apiro.accelevents.com/r/events/gtm2026/session/439519?expand=","Tue Sep 22 2026 12:39:59 GMT-0400 (Eastern Daylight Time)"
"439523","2026-09-30","Wednesday","14:15","14:55","EDT (UTC-04:00); America/New_York","40","GTM","Breakout 2","Partner Revenue Is Finally Predictable. Here's the Agentic Playbook.","Regular Session","IN_PERSON","Partner-led revenue has the best unit economics in B2B. Higher win rates, lower acquisition cost, better retention. Most companies still never build it seriously, because attribution was messy and no CFO funds a channel they can't model.

That's the part that changed. Agents now handle the manual work that used to consume most of a partner team's week, and they generate the operational data that makes partner revenue forecastable.

This session covers what a partner channel actually requires, what it returns, where AI creates real leverage versus where it's noise, and how to make the case internally.","","Full description published","Greg Portnoy; Co-Founder & CEO; EULER","Greg Portnoy: https://linkedin.com/in/gregportnoy","Greg Portnoy: Greg Portnoy is the Co-founder & CEO of EULER, the Agentic PRM. A veteran partnerships executive whos partner programs have driven $30M+ in ARR, he experienced firsthand the operational chaos that inspired him to create a modern platform for partnership teams. EULER is now used by industry leaders like Gong, BambooHR, and OpenSesame to automate partner operations, measure impact, and drive predictable partner revenue. Greg is a frequent voice in the partnerships ecosystem, sharing practical strategies on building high-performing partner programs.","","","https://apiro.accelevents.com/r/events/gtm2026/session/439523?expand=","Tue Sep 22 2026 12:39:59 GMT-0400 (Eastern Daylight Time)"
"439521","2026-09-30","Wednesday","14:15","14:55","EDT (UTC-04:00); America/New_York","40","GTM","Main Stage","How to Lead People When No One Knows Anything","Regular Session","IN_PERSON","AI, changing markets, shifting roles, and an endless stream of conflicting predictions have made uncertainty a permanent part of leadership. But great leaders don’t need to predict the future or have all the answers. They need to make the things the team can control unmistakably clear.

In this session, ShipHero CRO Rick Smolen shares practical lessons from more than 20 years of leading revenue teams about how to operate when the macro environment is impossible to predict or control. He’ll explore how leaders can reduce ambiguity through clear priorities and communication, stay close enough to the front lines to understand what their teams are actually experiencing, and build organizations of problem solvers rather than creating dependency on leadership.

The intent is to create conditions for people to stay focused, engaged, and effective even when no one knows exactly what comes next.","","Full description published","Rick Smolen; CRO; ShipHero","Rick Smolen: https://www.linkedin.com/in/ricksmolen/","Rick Smolen: Rick Smolen is the Chief Revenue Officer at ShipHero, where he leads the company’s go to market organization. He has spent more than 20 years building and leading revenue teams in enterprise software, including leadership roles at Loopio, Greenhouse Software, and Intralinks. Rick also advises portfolio companies for Riverwood Capital, teaches at Pavilion’s CRO School, and facilitates programs for Force Management. His work focuses on building high performing teams, developing sales leaders, and creating the operating systems that help organizations scale.","","","https://apiro.accelevents.com/r/events/gtm2026/session/439521?expand=","Tue Sep 22 2026 12:39:59 GMT-0400 (Eastern Daylight Time)"
"441630","2026-09-30","Wednesday","14:20","14:35","EDT (UTC-04:00); America/New_York","15","GTM","Spotlight Stage","Spotlight Stage Session: From Tasks to Outcomes: How to Get Revenue Agents to Actually Work","Expo","IN_PERSON","","","No description published","CJ Defranco; Sr. Sales Development Manager; Nooks","CJ Defranco: https://linkedin.com/in/caroldefranco","CJ Defranco: Not published","","","https://apiro.accelevents.com/r/events/gtm2026/session/441630?expand=","Tue Sep 22 2026 12:40:01 GMT-0400 (Eastern Daylight Time)"
"441631","2026-09-30","Wednesday","14:40","14:55","EDT (UTC-04:00); America/New_York","15","GTM","Spotlight Stage","Spotlight Stage Session: Skill Files Are the Easy Part","Expo","IN_PERSON","It starts small: write a skill file, then another. Soon you need a repo to manage them, and it snowballs from there into a six-month-plus build with two or three engineers assigned to maintain it and fix issues as they arise.

In this session, see what it looks like to skip that process entirely and get an AI GTM Intelligence System that's productive with your real data and deployable to your entire team in two weeks.","","Full description published","Sahil Aggarwal; CEO & Co-Founder; Von","Sahil Aggarwal: https://linkedin.com/in/saggarwal2","Sahil Aggarwal: Not published","","","https://apiro.accelevents.com/r/events/gtm2026/session/441631?expand=","Tue Sep 22 2026 12:40:01 GMT-0400 (Eastern Daylight Time)"
"439526","2026-09-30","Wednesday","15:00","15:30","EDT (UTC-04:00); America/New_York","30","GTM","Exhibitor Hall","Afternoon Break","Break","IN_PERSON","","","No description published","","","","","","https://apiro.accelevents.com/r/events/gtm2026/session/439526?expand=","Tue Sep 22 2026 12:39:59 GMT-0400 (Eastern Daylight Time)"
"447308","2026-09-30","Wednesday","15:00","15:15","EDT (UTC-04:00); America/New_York","15","GTM","Spotlight Stage","Spotlight Stage Session: Why Does B2B Outbound Still Feel So Random?","Expo","IN_PERSON","As consumers, we’re used to the internet somehow knowing what we want. We think about buying something once, and suddenly it’s following us everywhere.

Then we open our work laptops.

Our inboxes are full of generic AI slop, and our feeds serve us ads that have nothing to do with us. I couldn't help but wonder... how come we’re consumers at 8AM and “Buying Committees” at 9AM?

In this session, we’ll explore why the gap between B2C and B2B experiences is getting harder to ignore — and how AI, buyer signals, and context can help us create personalization that is actually relevant.","","Full description published","Doug Madey; Director of Communications; Influ2
Anna Tsymbalist; Director of ABM and Media Ops; Influ2","Doug Madey: https://linkedin.com/in/dougmadey
Anna Tsymbalist: https://linkedin.com/in/anna-tsymbalist","Doug Madey: Not published

Anna Tsymbalist: Not published","","","https://apiro.accelevents.com/r/events/gtm2026/session/447308?expand=","Tue Sep 22 2026 12:40:04 GMT-0400 (Eastern Daylight Time)"
"441632","2026-09-30","Wednesday","15:20","15:35","EDT (UTC-04:00); America/New_York","15","GTM","Spotlight Stage","Spotlight Stage Session: Territory to Triumph: Driving Sales Behaviors That Crush Goals","Expo","IN_PERSON","Join Steve Gravel, Head of Growth at Ascent Cloud, to learn how leaders can find success by uniting every stage of the sales cycle from territory planning to execution and closing. In this session, you’ll learn the science-backed theory that LevelEleven was built upon — and see brand new product capabilities live. Leave with actionable insights on why top sales organizations, including Bell and Globe Life, trust LevelEleven to maximize performance. The presentation will conclude with a live product demonstration and an interactive audience Q&A.","","Full description published","Steve Gravel; Head of Growth; Ascent Cloud","Steve Gravel: https://linkedin.com/in/stevegravel","Steve Gravel: Steve Gravel is the Head of Growth at Ascent Cloud, where he leads multi-brand marketing strategy, business development, and Alliances. With extensive experience spanning enterprise tech and B2B SaaS leadership at companies like OpenText and Ascent Cloud, Steve specializes in conversion rate optimization, data-driven lead flow architectures, and AI adoption in marketing operations.","","","https://apiro.accelevents.com/r/events/gtm2026/session/441632?expand=","Tue Sep 22 2026 12:40:01 GMT-0400 (Eastern Daylight Time)"
"439522","2026-09-30","Wednesday","15:30","16:10","EDT (UTC-04:00); America/New_York","40","GTM","Breakout 1","If AI Isn’t Increasing Revenue per Employee, You’re Doing It Wrong","Regular Session","IN_PERSON","AI should create leverage, not just more tools. Join Devang Agrawal, CTO at Airspeed, to learn how agent-native GTM teams increase output, automate execution, and grow revenue without adding headcount at the same rate.","Learn how agent-native GTM teams increase output, automate execution, and grow revenue without adding headcount at the same rate.","Full description published","Devang Agrawal; Co-Founder & CTO; Airspeed","Devang Agrawal: https://linkedin.com/in/devangagrawal","Devang Agrawal: Devang is the cofounder and CTO of Airspeed. Before Airspeed, he spent many years building and training language models at Google Deepmind and at Apple.","","","https://apiro.accelevents.com/r/events/gtm2026/session/439522?expand=","Tue Sep 22 2026 12:39:59 GMT-0400 (Eastern Daylight Time)"
"439520","2026-09-30","Wednesday","15:30","16:10","EDT (UTC-04:00); America/New_York","40","GTM","Breakout 2","AI Everywhere. ROI Anywhere?","Regular Session","IN_PERSON","","Separating AI experimentation from measurable business impact, through the lens of investors and operators.","Short summary only","Pablo Dominguez; Operating Partner; Insight Partners
Kyle Himmelwright; VP of GTM & Co-Founder; Luster","Pablo Dominguez: https://linkedin.com/in/pabtexas
Kyle Himmelwright: https://linkedin.com/in/kylehimmelwright","Pablo Dominguez: Not published

Kyle Himmelwright: Not published","","","https://apiro.accelevents.com/r/events/gtm2026/session/439520?expand=","Tue Sep 22 2026 12:39:59 GMT-0400 (Eastern Daylight Time)"
"439524","2026-09-30","Wednesday","15:30","16:10","EDT (UTC-04:00); America/New_York","40","GTM","Main Stage","Three Numbers to Rethink Before You Lock 2027","Regular Session","IN_PERSON","Think about your own vendor contracts this year. Shorter terms, more pilots, and much less appetite for committing to anything. Chances are, you're asking your customers to sign multi-year deals you wouldn't sign yourself. We're all doing this to each other, and it's a little funny until you realize it's already in your forecast.

Because it is. Adoption is climbing because everybody is experimenting. Pipeline looks full because buyers are running proofs of concept they have no intention of buying. Retention reads fine because the repricing got deferred, not avoided. Three numbers look healthy, all moving in the same wrong direction, feeding the plan you're building right now.","","Full description published","Amy Konary; SVP; Zuora","Amy Konary: https://www.linkedin.com/in/amykonary/","Amy Konary: ""Amy Konary is Founder of the Subscribed Institute at Zuora, where she has spent eight years in operational leadership roles building and scaling the frameworks that guide recurring revenue transformation. She created the Subscription Maturity Model—now used by 1,000+ companies—by working directly with executives to navigate the messy operational realities of business model transformation: misaligned compensation plans, competing metrics across functions, cultural resistance, and the difficult sequencing decisions that determine whether transformations succeed or stall.

Before founding the Institute, Amy held VP+ roles across customer success, marketing, sales enablement, and strategic operations—giving her direct experience with the cross-functional challenges that kill momentum in recurring revenue businesses. She's guided over 1,600 executives through transformation decisions where getting it wrong costs millions.

Earlier in her career, Amy spent 19 years as a software industry analyst at IDC, where she named the Software-as-a-Service market and published the industry's first SaaS forecast—giving her two decades of pattern recognition across subscription business model transformations in SaaS, streaming, IoT, and telecommunications.

Amy teaches executive education at London Business School and has access to performance data from 1,000+ subscription companies, revealing exactly what separates companies that build sustainable growth from those that optimize for extraction. Her current work focuses on how trust architecture creates competitive advantage in AI-powered business models—and why the monetization decisions companies make today will determine whether they build sustainable moats or repeat the extraction patterns that broke previous platform shifts.

""","","","https://apiro.accelevents.com/r/events/gtm2026/session/439524?expand=","Tue Sep 22 2026 12:39:59 GMT-0400 (Eastern Daylight Time)"
"441634","2026-09-30","Wednesday","15:40","15:55","EDT (UTC-04:00); America/New_York","15","GTM","Spotlight Stage","Spotlight Stage Session: I Already Run the Sales Team of the Future — Here's What You Need to Know","Expo","IN_PERSON","Ratios across my team are higher than any other sales leader I know and it’s out of choice. Our performance is better than benchmarks: deals move faster and buyers say our process is a competitive advantage.

The old model split the buyer's journey across SDR, AE, SE, and CSM because no single human could hold it all. AI has no such ceiling, so the split doesn't need to exist but most leaders are rebuilding this wrong. They're pointing AI at tasks inside the old org chart instead of asking what job the org chart was built to solve in the first place.

In this session I'll walk through how we rebuilt these roles at 1mind and with our own customers. You’ll see the real numbers behind the shift, what actually happens to the people whose jobs change, and the two things I got wrong before I got it right. No theory. This is the team I run today.","","Full description published","Katie Nocerino; VP of Sales; 1mind","Katie Nocerino: Not published","Katie Nocerino: Not published","","","https://apiro.accelevents.com/r/events/gtm2026/session/441634?expand=","Tue Sep 22 2026 12:40:01 GMT-0400 (Eastern Daylight Time)"
"439561","2026-09-30","Wednesday","16:15","16:45","EDT (UTC-04:00); America/New_York","30","GTM","Main Stage","Building the AI-Native Company: Four Founders on What Comes Next","Keynote Session","IN_PERSON","This session will underscore the theme of the 2-day GTM conference ""Humans Operating in the Age of AI"" with founders from some of the most notable AI companies operating today. This discussion will be less ""tips and tricks"" and more straight talk about the challenges of AI transformation today and the tests that are yet to come.","","Full description published","Michelle Koyuncu; COO; Pavilion
Joshua Perk; CEO; Vector
Daniel Lee; CEO; Nooks
Nico Chinot; Founder; Dust
Linda Lian; CEO & Co-Founder; Common Room","Michelle Koyuncu: https://linkedin.com/in/michelle-koyuncu
Joshua Perk: https://linkedin.com/in/joshuaperk
Daniel Lee: https://linkedin.com/in/dan9lee
Nico Chinot: https://linkedin.com/in/nicolaschinot
Linda Lian: https://linkedin.com/in/lindamlian","Michelle Koyuncu: Not published

Joshua Perk: Not published

Daniel Lee: Not published

Nico Chinot: Not published

Linda Lian: Not published","","","https://apiro.accelevents.com/r/events/gtm2026/session/439561?expand=","Tue Sep 22 2026 12:40:00 GMT-0400 (Eastern Daylight Time)"
"439562","2026-09-30","Wednesday","16:45","17:00","EDT (UTC-04:00); America/New_York","15","GTM","Main Stage","Closing Remarks | A moment of Recognition and Appreciation","Keynote Session","IN_PERSON","","","No description published","Sam Jacobs; CEO; Pavilion","Sam Jacobs: Not published","Sam Jacobs: Not published","","","https://apiro.accelevents.com/r/events/gtm2026/session/439562?expand=","Tue Sep 22 2026 12:40:00 GMT-0400 (Eastern Daylight Time)"
"439528","2026-09-30","Wednesday","17:00","18:30","EDT (UTC-04:00); America/New_York","90","GTM","Exhibitor Hall & Main Stage","Welcome Reception","Networking","IN_PERSON","","","No description published","","","","","","https://apiro.accelevents.com/r/events/gtm2026/session/439528?expand=","Tue Sep 22 2026 12:39:59 GMT-0400 (Eastern Daylight Time)"
"439534","2026-10-01","Thursday","08:30","09:00","EDT (UTC-04:00); America/New_York","30","GTM","Exhibitor Hall","Breakfast & Exhibitor Hall","Other","IN_PERSON","","","No description published","","","","","","https://apiro.accelevents.com/r/events/gtm2026/session/439534?expand=","Tue Sep 22 2026 12:40:00 GMT-0400 (Eastern Daylight Time)"
"439538","2026-10-01","Thursday","09:00","09:15","EDT (UTC-04:00); America/New_York","15","GTM","Main Stage","GTM Day 2 | Welcome Remarks","Keynote Session","IN_PERSON","","","No description published","Mike Hoffman; Chief Revenue Officer; WAE
Andrea Kayal; Chief Revenue Officer; Help Scout","Mike Hoffman: https://linkedin.com/in/mfhoffman
Andrea Kayal: https://linkedin.com/in/andreakayal","Mike Hoffman: Not published

Andrea Kayal: Not published","","","https://apiro.accelevents.com/r/events/gtm2026/session/439538?expand=","Tue Sep 22 2026 12:40:00 GMT-0400 (Eastern Daylight Time)"
"439539","2026-10-01","Thursday","09:15","10:00","EDT (UTC-04:00); America/New_York","45","GTM","Main Stage","Fireside Chat with Geoff Moore + Sam Jacobs","Keynote Session","IN_PERSON","","","No description published","Sam Jacobs; CEO; Pavilion","Sam Jacobs: Not published","Sam Jacobs: Not published","Geoff Moore","Geoff Moore is named in the title but has no attached speaker profile.","https://apiro.accelevents.com/r/events/gtm2026/session/439539?expand=","Tue Sep 22 2026 12:40:00 GMT-0400 (Eastern Daylight Time)"
"439536","2026-10-01","Thursday","10:00","10:15","EDT (UTC-04:00); America/New_York","15","GTM","Exhibitor Hall & Main Stage","Morning Break","Break","IN_PERSON","","","No description published","","","","","","https://apiro.accelevents.com/r/events/gtm2026/session/439536?expand=","Tue Sep 22 2026 12:40:00 GMT-0400 (Eastern Daylight Time)"
"439542","2026-10-01","Thursday","10:15","10:40","EDT (UTC-04:00); America/New_York","25","GTM","Main Stage","Why Your AIxGTM Transformation Is Failing (And the One Thing That Could Fix It)","Regular Session","IN_PERSON","Your board wants AI, your CEO wants AI, and ""we're figuring it out"" is not a strategy. Meanwhile a small group of GTM orgs is quietly compounding an advantage, and the difference isn't budget, headcount, or which model they picked. Almost nobody can define what an AIxGTM transformation actually is, which is why telling your team to go use Claude produces slop instead of pipeline. Drawing on 300+ AIxGTM implementations across orgs of every size, Swan AI co-founder and CEO Amos Bar-Joseph shows what separates an AI-native revenue engine from a pile of prompts, why your best people are the missing ingredient, and the vehicle that finally turns their judgment into pipeline.","","Full description published","Amos Bar-Joseph; CEO; Swan AI","Amos Bar-Joseph: https://www.linkedin.com/in/amos-bar-joseph/","Amos Bar-Joseph: Not published","","","https://apiro.accelevents.com/r/events/gtm2026/session/439542?expand=","Tue Sep 22 2026 12:40:00 GMT-0400 (Eastern Daylight Time)"
"441648","2026-10-01","Thursday","10:40","10:55","EDT (UTC-04:00); America/New_York","15","GTM","Spotlight Stage","Spotlight Stage Session: From Copilots to Coworkers. Deploying Your First AI Workforce with Relevance.AI's Co-CEO and Co-Founder","Expo","IN_PERSON","Join Relevance AI's Co-CEO and Co-Founder for a candid look at moving from AI assistants to a functioning AI workforce. We'll cover which revenue tasks are ready to hand off (outreach, qualification, renewals, onboarding), where humans still need to be in the loop, how to design agents with real autonomy without losing pipeline control, and the org shifts needed to make AI teammates genuinely productive.  Companies like Canva, Autodesk, and KPMG, use Relevance AI to run teams of specialist agents across sales, marketing, and customer success in production. One customer's AI agents deliver roughly 3,000% ROI automating BDR outreach and lead qualification.  The next generation runs the plays themselves qualifying leads, personalizing outreach, and closing the loop with customers with minimal hand-holding.  Whether you are hiring your first AI SDR or scaling a full agent bench across marketing, you'll leave with a practical framework grounded in real deployments.","","Full description published","Daniel Vassilev; Co-CEO and Co-Founder; RelevanceAI","Daniel Vassilev: https://linkedin.com/in/daniel-vassilev","Daniel Vassilev: Not published","","","https://apiro.accelevents.com/r/events/gtm2026/session/441648?expand=","Tue Sep 22 2026 12:40:01 GMT-0400 (Eastern Daylight Time)"
"439543","2026-10-01","Thursday","10:45","11:25","EDT (UTC-04:00); America/New_York","40","GTM","Breakout 1","Build, Buy, or Partner? A Practical Framework for Scaling GTM Automation","Regular Session","IN_PERSON","","","No description published","Sapan Parikh; Director, Revenue Strategy & Operations; JustWorks","Sapan Parikh: https://linkedin.com/in/sparikh3","Sapan Parikh: Not published","","","https://apiro.accelevents.com/r/events/gtm2026/session/439543?expand=","Tue Sep 22 2026 12:40:00 GMT-0400 (Eastern Daylight Time)"
"439541","2026-10-01","Thursday","10:45","11:25","EDT (UTC-04:00); America/New_York","40","GTM","Breakout 2","The Operator Gap: Why GTM Strategies Stall After the Deck Is Approved","Regular Session","IN_PERSON","","","No description published","Joe Aurilia; COO; Peak Projects","Joe Aurilia: https://linkedin.com/in/josephauriliajr","Joe Aurilia: Joe Aurilia is a senior GTM operator with over 20 years of experience turning strategy into execution inside high-growth, complex organizations. As COO at Peak Projects, he leads operations, go-to-market strategy, and organizational development for a national owner's-representative firm. Previously, as the first U.S. executive of a venture-backed cybersecurity company that scaled from seed to seven countries and 10x revenue, he led cross-functional execution across Sales, Marketing, RevOps, Customer Success, Product, and Engineering — driving revenue scale while navigating the messy realities of prioritization, capacity constraints, and organizational change. Known for operating in the gap between executive intent and frontline delivery, Joe has built and repaired GTM operating systems through multiple growth phases, funding rounds, and inflection points. His perspective is grounded not in theory or tooling, but in firsthand experience fixing execution breakdowns that directly impacted revenue predictability, speed, and scale.","","","https://apiro.accelevents.com/r/events/gtm2026/session/439541?expand=","Tue Sep 22 2026 12:40:00 GMT-0400 (Eastern Daylight Time)"
"439548","2026-10-01","Thursday","10:45","11:25","EDT (UTC-04:00); America/New_York","40","GTM","Main Stage","The AI-Native Playbook: How Three Companies Rebuilt GTM from the Inside Out","Regular Session","IN_PERSON","Most companies are adopting AI without changing the operating model underneath it. They add copilots, automate isolated tasks, and ask teams to work faster—but leave the same roles, handoffs, data structures, and management practices in place. In this session, Keith will take attendees inside three anonymized companies moving from legacy GTM playbooks to AI-native ones. He’ll show what the transformation actually looked like: where each company started, what broke, how teams redesigned their workflows and customer data, and where agents began doing work that previously required manual coordination. These are raw practical accounts of companies that were started in the 2010s and had to radically reinvent themselves, navigating adoption, organizational resistance, imperfect technology, and rapid change.","","Full description published","Keith Peiris; Co-Founder & CEO; Lightfield","Keith Peiris: https://linkedin.com/in/keithpeiris","Keith Peiris: Keith Peiris is Co-Founder and CEO of Lightfield, the AI-native CRM built for trusted agent work. Previously, he co-founded Tome, which grew to more than 20 million users. Earlier in his career, Keith was a product leader at Instagram, where he helped grow Instagram Direct to 500 million monthly active users. Today, he works closely with companies replacing legacy systems and operating models with AI-native approaches to customer work.","","","https://apiro.accelevents.com/r/events/gtm2026/session/439548?expand=","Tue Sep 22 2026 12:40:00 GMT-0400 (Eastern Daylight Time)"
"441637","2026-10-01","Thursday","11:00","11:15","EDT (UTC-04:00); America/New_York","15","GTM","Spotlight Stage","Spotlight Stage Session: Inside the AI-Native Revenue Engine: How GTM Leaders Are Hitting Their Number Without Scaling Headcount","Expo","IN_PERSON","For decades the fix for a coverage gap has been the same. Hire more reps. That answer is breaking, and not because you can't hire. The math stopped working. All in cost per seller, the ramp curve, and the falling returns of human only outbound on saturated channels mean the ROI no longer pencils out, and every CRO in this room can feel it. 

Mike Pi, Director of Sales at 11x, spends his days inside revenue orgs ranging from the Fortune 1000 to high growth startups. The best run ones have quietly dropped the headcount conversation and replaced it with a sharper question: what work actually needs to get done, and what's the most efficient mix of people and automation to do it? In fifteen minutes he'll break down how those teams are structured, why ""just keep hiring"" may be the most expensive answer to your coverage problem, and a way to pressure test your own org design before you write next year's hiring plan.","","Full description published","Mike Pi; Sales Director; 11x","Mike Pi: https://linkedin.com/in/michael-pi-26765a63","Mike Pi: Not published","","","https://apiro.accelevents.com/r/events/gtm2026/session/441637?expand=","Tue Sep 22 2026 12:40:01 GMT-0400 (Eastern Daylight Time)"
"441638","2026-10-01","Thursday","11:20","11:35","EDT (UTC-04:00); America/New_York","15","GTM","Spotlight Stage","Spotlight Stage Session: The Secret AI CRM Your Best Rep Is Hiding From You","Expo","IN_PERSON","Everyone's running their own Personal Relationship System. It's in their brain, their phone, their notes app, a spreadsheet. And for the AI-forward, a vibe-coded system. We all know relationships drive business and careers. The details aren't in the CRM. They shouldn't be ""centralized"" that way. And they won't be, no matter what's mandated. They secretly drive business for you anyway. Embrace it. See what the best practitioners are doing, how to enable yourself and your team, and a bit about why we're building the AI PRM at mash.com.","","Full description published","Jared Nusinoff; CEO & Co-Founder; Mash","Jared Nusinoff: https://linkedin.com/in/jarednusinoff","Jared Nusinoff: Former Google Product Leader, Bain Consultant, and founder of an Adventure Travel Company. Entrepreneur and product manager with experience building, launching and enhancing B2B + consumer experiences both online and in the physical world. Efforts include relationship intelligence, knowledge agents/graphs/AI, decentralized fintech, mobile applications, embedded software, streaming technology, x-device + proximity based interactions, recommendations & discovery.

Currently a Cofounder, CEO of mash.com. We're building the AI  Personal Relationship Manager. An AI coworker for the network behind your deals, your career, your people. Tell it what matters as it happens and it remembers: it preps you before every meeting, reminds you what you promised last time, and nudges you the moment someone deserves a thank-you, a gift, or a call. Not the company's CRM. Yours.

Location: Toronto born + current home. Spent 5+ years living across from Rhea's deli in the Mission, San Francisco.

I paddle 200-300KM remote wilderness rivers by canoe every year. Favourites include Mountain River in the Northwest Territories, the Pigeon River in Manitoba/Ontario, and the Harricana that ends in James Bay.","","","https://apiro.accelevents.com/r/events/gtm2026/session/441638?expand=","Tue Sep 22 2026 12:40:01 GMT-0400 (Eastern Daylight Time)"
"439540","2026-10-01","Thursday","11:30","12:10","EDT (UTC-04:00); America/New_York","40","GTM","Breakout 1","How to Use AI to Pressure-Test GTM Strategy With Real Buyer Language","Regular Session","IN_PERSON","A better prompt cannot rescue bad evidence.

When GTM teams ask AI what buyers think, it often turns mixed segments, internal assumptions, and inferred meaning into a confident answer. That is how weak research becomes bad strategy.

In this session, Leah Russo will show you how to use AI to interrogate buyer evidence you already own, including sales calls, customer interviews, and closed-won and closed-lost conversations. You’ll learn a practical prompting protocol that forces AI to quantify patterns, surface contradictions, compare changes over time, and return the buyer language behind every major claim.

Leah will also break down how her team used this process to uncover a positioning problem hiding inside one seemingly positive word: “speed.” That insight helped them sharpen their message, improve buyer fit, and increase conversion.

You’ll leave knowing how to:

• Ask narrow questions that analyze buyer behavior instead of inventing personas
• Separate common themes from signals that are new, accelerating, or changing
• Turn buyer language into stronger positioning, campaigns, and GTM decisions
• Build prompts that make AI show its work

Attendees will also receive Leah’s GTM Prompt Library, with the prompts and frameworks used throughout the session.","Use real buyer conversations to pressure-test positioning, spot shifts in customer language, and make sharper GTM decisions with AI.","Full description published","Leah Russo; VP of Marketing; Clearco","Leah Russo: https://linkedin.com/in/leahrusso","Leah Russo: Leah Russo is Vice President of Marketing at Clearco, where she leads brand, product marketing, demand generation, and communications. She believes the strongest go-to-market strategies combine customer evidence, AI, and data with distinctive branding and clear, memorable ideas that drive action.

With more than 15 years of experience across marketing, marketing operations, and RevOps, Leah specializes in turning buyer behavior into sharper positioning, smarter decisions, and measurable growth. She is also the founder of Novara, co-leads Women of Pavilion, and was named one of the Top 50 GTM Women Voices in the US for 2026.","","","https://apiro.accelevents.com/r/events/gtm2026/session/439540?expand=","Tue Sep 22 2026 12:40:00 GMT-0400 (Eastern Daylight Time)"
"439544","2026-10-01","Thursday","11:30","12:10","EDT (UTC-04:00); America/New_York","40","GTM","Breakout 2","AI in Practice for Fractionals","Regular Session","IN_PERSON","AI this and AI that. AI Everywhere. In this session we will dive into specific ways that AI is being used by solopreneurs, fractional executives, and consultants to manage and grow their business.","","Full description published","John Williams; ; Sun Business Group
Neil Weitzman; Ambassador | Chair GTM Fractional & Advisors; weitzmanGTM
Crys Black; Fractional CMO and AI Enablement; Crys Black Consulting","John Williams: https://linkedin.com/in/growthcro
Neil Weitzman: https://linkedin.com/in/neilweitzman
Crys Black: http://linkedin.com/in/crystalblack","John Williams: John Williams is a working executive, Chief Principal of Sun Business Group and fxops.ai, who runs his own business on a private, local-first AI stack he built himself: Control Tower, including a daily Morning Brief agent. He builds in public, open-sourcing agents and workflows at github.com/fxops-ai, and teaches at Pavilion's AI School. His operating conviction: own your intelligence. Data sovereignty isn't a constraint on AI adoption, it's the advantage. He's also the architect of the AI Transformation Velocity Loop (ATVL), a methodology for measurable AI adoption at scale.

Neil Weitzman: Not published

Crys Black: Crys Black is a fractional CMO and AI strategist who helps B2B revenue teams stop theorizing about AI and start using it to drive real pipeline.

Based in Colorado, Crys works with GTM leaders to operationalize AI across the full revenue motion: from demand generation and content at scale to the systems and workflows that make marketing teams faster without burning them out. She started her career as a programmer, picked up English degrees along the way, and spent two decades in marketing leadership across startups and enterprise. The result is a rare combination: she can read the code, write the copy, and build the strategy.

She's the kind of person who builds a working sales training tool in Lovable during a car ride and turns it into a keynote framework by Friday. Scrappy, intentional, and relentlessly practical.

Outside her fractional practice, Crys is an incoming board member at Rocky Mountain AI Interest Group (RMAIIG) and lead instructor at Women in AI Labs, where she teaches women in tech to build real AI skills, not just talk about them.

She's here because AI is the biggest lever GTM teams have right now. And she's not letting you leave without knowing how to pull it.","","","https://apiro.accelevents.com/r/events/gtm2026/session/439544?expand=","Tue Sep 22 2026 12:40:00 GMT-0400 (Eastern Daylight Time)"
"439545","2026-10-01","Thursday","11:30","12:10","EDT (UTC-04:00); America/New_York","40","GTM","Main Stage","Gimme the Glengarry Leads - How Sales and Marketing Can (Truly) Work Together","Regular Session","IN_PERSON","","","No description published","Nycole Walsh; Head of Digital Services; Kickstand
Colby Proffitt; Chief Marketing Officer; Seekr
Radhika Tandon; Advisor (GTM AI), Former CMO; Infinx Healthcare
Shep Maher; Managing Director; WestCap","Nycole Walsh: https://linkedin.com/in/nycole-walsh
Colby Proffitt: https://linkedin.com/in/colbyproffitt
Radhika Tandon: https://linkedin.com/in/radhikatandon1
Shep Maher: https://linkedin.com/in/shepmaher/","Nycole Walsh: Nycole leads digital services (including research, social media, influencer, and content programs) at Kickstand, an Austin-based PR agency built for high-growth tech brands. She is a Certified Research Expert through IIPMR and has led studies for hundreds of the biggest and most innovative brands in the market today.

Colby Proffitt: Not published

Radhika Tandon: Not published

Shep Maher: Not published","","","https://apiro.accelevents.com/r/events/gtm2026/session/439545?expand=","Tue Sep 22 2026 12:40:00 GMT-0400 (Eastern Daylight Time)"
"441639","2026-10-01","Thursday","11:40","11:55","EDT (UTC-04:00); America/New_York","15","GTM","Spotlight Stage","Spotlight Stage Session: Intelligence got cheap, Marketing has not.","Expo","IN_PERSON","Support agents ship, coding agents ship, yet most Marketing execution still waits for a human to hit submit.

During this session, Arjun Pillai, CEO of Docket will map where marketing currently sits in the agent landscape and explain why the same arc that took coding from autocomplete to full agents is about to repeat itself in marketing. Most of the time is live flow deep dives, showing real AI workflows running on stage, not slides.","","Full description published","Arjun Pillai; CEO & Co-Founder; Docket","Arjun Pillai: https://linkedin.com/in/rarjunpillai","Arjun Pillai: Not published","","","https://apiro.accelevents.com/r/events/gtm2026/session/441639?expand=","Tue Sep 22 2026 12:40:01 GMT-0400 (Eastern Daylight Time)"
"448334","2026-10-01","Thursday","12:00","12:15","EDT (UTC-04:00); America/New_York","15","GTM","Spotlight Stage","Spotlight Stage Session: From quota chasers to trusted advisors","Expo","IN_PERSON","","Winning with aligned, customer-centric account planning","Short summary only","Alex Ticas; AVP Revenue; Mural","Alex Ticas: https://linkedin.com/in/alexticas","Alex Ticas: Not published","","","https://apiro.accelevents.com/r/events/gtm2026/session/448334?expand=","Tue Sep 22 2026 12:40:04 GMT-0400 (Eastern Daylight Time)"
"439537","2026-10-01","Thursday","12:15","13:15","EDT (UTC-04:00); America/New_York","60","GTM","Exhibitor Hall & Main Stage","Lunch","Break","IN_PERSON","","","No description published","","","","","","https://apiro.accelevents.com/r/events/gtm2026/session/439537?expand=","Tue Sep 22 2026 12:40:00 GMT-0400 (Eastern Daylight Time)"
"441640","2026-10-01","Thursday","12:20","12:35","EDT (UTC-04:00); America/New_York","15","GTM","Spotlight Stage","Spotlight Stage Session: The missing foundation for AI at scale","Expo","IN_PERSON","AI adoption does not become scalable simply because more people start using it. As agents move from individual experiments into real workflows, organizations need visibility and control: who owns the agents, what data they access, what they cost, and whether they deliver reliable, measurable value.

This session explores why governance is the foundation for scaling AI. It will cover the practical questions organizations need to answer as AI moves into the business, and how clear ownership, observability, and controls help turn experimentation into accountable, high-value operations.","","Full description published","Gabriel Hubert; Co-Founder & CEO; Dust","Gabriel Hubert: https://linkedin.com/in/gabhubert","Gabriel Hubert: Not published","","","https://apiro.accelevents.com/r/events/gtm2026/session/441640?expand=","Tue Sep 22 2026 12:40:01 GMT-0400 (Eastern Daylight Time)"
"441641","2026-10-01","Thursday","12:40","12:55","EDT (UTC-04:00); America/New_York","15","GTM","Spotlight Stage","Spotlight Stage Session: The Weekend Buyer: What 1,429 Off-Hours Conversations Reveal About Modern B2B Buying","Expo","IN_PERSON","Buyers don't clock out after business hours or during weekends. Yet, most websites behave like they do. We analyzed 1,429 buyer conversations that happened nights, weekends, and outside business hours, and found that only 0.2% of those buyers ever asked to speak to a human. They wanted pricing, product depth, and competitive comparisons, immediately, on their own schedule.

It's not just a nights-and-weekends problem. Even during business hours, a full sales calendar means the buyer who's ready right now often can't get time with a seller for 4 to 10 days — and by the time that call happens, the moment that made them want to see your product has already passed.

In this session, Madhav Bhandari (CMO, Storylane) breaks down, with real data, what this means for how your website should engage buyers the instant they're ready — whether your team is off for the weekend or just fully booked — and shares one concrete shift you can make to your funnel this week.","","Full description published","Madhav Bhandari; CMO; Storylane","Madhav Bhandari: https://linkedin.com/in/madhavbhandari","Madhav Bhandari: Not published","","","https://apiro.accelevents.com/r/events/gtm2026/session/441641?expand=","Tue Sep 22 2026 12:40:01 GMT-0400 (Eastern Daylight Time)"
"441642","2026-10-01","Thursday","13:00","13:15","EDT (UTC-04:00); America/New_York","15","GTM","Spotlight Stage","Spotlight Stage Session: Stop Patching Your Revenue Stack. Replace It.","Expo","IN_PERSON","Enterprise deals are getting more complex. Your revenue stack shouldn't be. See how Nue runs CPQ, billing & approvals as one agentic architecture.","","Full description published","James McArthur; VP of Product Advocacy; Nue","James McArthur: https://linkedin.com/in/jrmcarthur","James McArthur: Not published","","","https://apiro.accelevents.com/r/events/gtm2026/session/441642?expand=","Tue Sep 22 2026 12:40:01 GMT-0400 (Eastern Daylight Time)"
"443591","2026-10-01","Thursday","13:15","13:35","EDT (UTC-04:00); America/New_York","20","GTM","Main Stage","How to Make Money Building AI Agents Operating at the Frontier","Regular Session","IN_PERSON","","","No description published","Manny Medina; Co-Founder & CEO; Paid","Manny Medina: https://linkedin.com/in/medinism","Manny Medina: Not published","","","https://apiro.accelevents.com/r/events/gtm2026/session/443591?expand=","Tue Sep 22 2026 12:40:01 GMT-0400 (Eastern Daylight Time)"
"447243","2026-10-01","Thursday","13:20","13:35","EDT (UTC-04:00); America/New_York","15","GTM","Spotlight Stage","Spotlight Stage Session: From Personal AI to a Shared Brain: The Move Most GTM Teams Get Stuck On","Expo","IN_PERSON","Every GTM team plays the whisper game. A customer says something sharp on a sales call, and by the time it reaches a sequence, a pitch deck, or an ad, it's a copy of a copy. Joe Stych shows how Zapier's GTM team built a shared brain that people and AI agents pull from inside the work, including five synthetic buyers that pressure-test campaigns before they ship.","","Full description published","Joe Stych; Sr. Agentic GTM Lead; Zapier","Joe Stych: https://linkedin.com/in/joestych","Joe Stych: Not published","","","https://apiro.accelevents.com/r/events/gtm2026/session/447243?expand=","Tue Sep 22 2026 12:40:04 GMT-0400 (Eastern Daylight Time)"
"439546","2026-10-01","Thursday","13:35","14:15","EDT (UTC-04:00); America/New_York","40","GTM","Breakout 1","Focus Beats Everything: How the Best SaaS Teams Use Metrics to Grow","Regular Session","IN_PERSON","","","No description published","Sara Archer; CRO; ChartMogul","Sara Archer: https://linkedin.com/in/smarcher18","Sara Archer: Sara Archer is a recognized SaaS revenue leader and the CRO at ChartMogul, the industry's leading Subscription Analytics and Growth Platform. There she's helped thousands of SaaS founders harness their billing data to make decisions and grow recurring revenue faster. Sara has 12 years of experience building ambitious, international go-to-market teams. Ask her about SaaS metrics, PLG sales, sales methodologies, or revenue operations.","","","https://apiro.accelevents.com/r/events/gtm2026/session/439546?expand=","Tue Sep 22 2026 12:40:00 GMT-0400 (Eastern Daylight Time)"
"448380","2026-10-01","Thursday","13:35","14:15","EDT (UTC-04:00); America/New_York","40","GTM","Breakout 2","AI-in-Action Workshop: Hands on Keyboard Building Time","Keynote Session","IN_PERSON","","","No description published","Jonathon Moss; EVP - Growth, Partnerships and Incubation; Experity
Andy Jolls; Founder/CEO; Roxology, LLC","Jonathon Moss: https://linkedin.com/in/mossjonathan
Andy Jolls: https://linkedin.com/in/ajolls","Jonathon Moss: Jonathan Moss is a growth and revenue operations executive with more than 20 years of experience building durable revenue systems for organizations ranging from startups to global enterprises. He serves as EVP of Growth and Partnerships at Experity, co-leads the AI in GTM community, and is Co-Dean of Pavilion’s AI & GTM School. He created the GTM AI newsletter and podcast and has written for Harvard Business Review and The Growth Journal. A certified Revenue and Growth Architect, Jonathan helps organizations apply AI, unlock new growth vectors, and scale responsibly.

Andy Jolls: Andy Jolls is a five-time Chief Marketing Officer with a career spanning enterprise companies including Apple and HP and five successful company exits. He is a Dean of the AI in GTM School at Pavilion, where he also co-built the AI in GTM channel, now a community of over 2,800 GTM professionals, and has served as Chair for the CMO functional group (1,100 members) for six years.

A hands-on AI practitioner and educator, Andy has trained thousands of professionals in through workshops, virtual sessions, and direct consulting with organizations ranging from startups to large enterprises.

Today, Andy leads Roxology, LLC, a consultancy focused on helping organizations navigate the AI in GTM journey","","","https://apiro.accelevents.com/r/events/gtm2026/session/448380?expand=","Tue Sep 22 2026 12:40:04 GMT-0400 (Eastern Daylight Time)"
"439547","2026-10-01","Thursday","13:35","14:15","EDT (UTC-04:00); America/New_York","40","GTM","Main Stage","The 100x (?) GTM playbook - what does going AI native mean","Regular Session","IN_PERSON","Gaurav Agarwal, President of Revenue at ClickUp, shares how his team empowered subject matter experts across events, demand gen, ad ops, sales, and PMO to become AI native and build their own agents and agentic workflows. He'll break down the lightweight operating model, change management frameworks, and hard-won lessons from running AI transformation at scale. The pattern is simple: you do not need a massive engineering org to make AI real, but you do need a system that enables experts and a culture that rewards ownership and iteration.","","Full description published","Gaurav Agarwal; President & COO; ClickUp","Gaurav Agarwal: https://linkedin.com/in/gauravragarwal","Gaurav Agarwal: Not published","","","https://apiro.accelevents.com/r/events/gtm2026/session/439547?expand=","Tue Sep 22 2026 12:40:00 GMT-0400 (Eastern Daylight Time)"
"442736","2026-10-01","Thursday","13:40","13:55","EDT (UTC-04:00); America/New_York","15","GTM","Spotlight Stage","Spotlight Stage Session: Battling data rot: How to stop feeding your agents (and teams) junk","Expo","IN_PERSON","""GTM data has had two eras. The first turned the yellow pages into digital lists. The second turned these lists into workflows. Somewhere in that jump we skipped the step of fixing the data underneath.

Bad data shrinks the market you can see, lacks the granularity you need for precise GTM, and makes every workflow downstream less useful. Agents make that problem worse because they act on bad records faster and at greater scale.

That was hard to fix until recently. LLMs and modern data engineering open a different path.

The world's top GTM orgs have entered a third era. Built every day from raw evidence, has lineage on every field, lives in your own systems, and maintained with (governed by?) data science and engineering principals.""","","Full description published","Apurva Shukla; Head of Growth; Sumble","Apurva Shukla: https://linkedin.com/in/apurvarshukla","Apurva Shukla: Not published","","","https://apiro.accelevents.com/r/events/gtm2026/session/442736?expand=","Tue Sep 22 2026 12:40:01 GMT-0400 (Eastern Daylight Time)"
"441647","2026-10-01","Thursday","14:00","14:15","EDT (UTC-04:00); America/New_York","15","GTM","Spotlight Stage","Spotlight Stage Session: What we've learned from deploying AI demo and website agents","Expo","IN_PERSON","Where agents fit into the website and sales cycle, best practices for building and sharing with prospects, and how to qualify and pass agent leads to your sales team.","","Full description published","Natalie Marcotullio; Head of Growth and Product Marketing; Navattic","Natalie Marcotullio: https://linkedin.com/in/natalie-marcotullio","Natalie Marcotullio: Not published","","","https://apiro.accelevents.com/r/events/gtm2026/session/441647?expand=","Tue Sep 22 2026 12:40:01 GMT-0400 (Eastern Daylight Time)"
"439553","2026-10-01","Thursday","14:20","15:00","EDT (UTC-04:00); America/New_York","40","GTM","Breakout 1","Signal-Driven Revenue: Turning External Data into Predictable Pipeline","Regular Session","IN_PERSON","Most enterprise GTM teams run on rearview-mirror CRM data—valuable for reporting, but insufficient for building predictable pipeline. The real edge comes from redesigning GTM strategy and AI workflows around external signals that reveal buying intent, competitive shifts, and market momentum before they surface in your funnel. In this session, CRED Founder & CEO Jon Carr-Harris shares how to architect a signal-driven revenue engine that lifts win rates, shortens sales cycles, and turns AI into measurable pipeline impact.","","Full description published","Jon Carr-Harris; Founder & CEO; CRED","Jon Carr-Harris: https://linkedin.com/in/jcarrharris","Jon Carr-Harris: Jon Carr-Harris is the Founder and CEO of CRED, the data layer revenue teams use to see their market rather than just their pipeline. CRED turns external signals into scored, explainable buying intent, so sellers reach accounts while the reason to reach them is still live.","","","https://apiro.accelevents.com/r/events/gtm2026/session/439553?expand=","Tue Sep 22 2026 12:40:00 GMT-0400 (Eastern Daylight Time)"
"439551","2026-10-01","Thursday","14:20","15:00","EDT (UTC-04:00); America/New_York","40","GTM","Breakout 2","From AI Experimentation to Coordinated Impact","Regular Session","IN_PERSON","","How collaborative workflows, human-centered methods, and shared decision-making turn isolated AI use into scalable GTM performance.","Short summary only","Sam Schumacher; Solutions Consultant; Mural
Alex Ticas; AVP Revenue; Mural","Sam Schumacher: https://linkedin.com/in/samschumacher
Alex Ticas: https://linkedin.com/in/alexticas","Sam Schumacher: Not published

Alex Ticas: Not published","","","https://apiro.accelevents.com/r/events/gtm2026/session/439551?expand=","Tue Sep 22 2026 12:40:00 GMT-0400 (Eastern Daylight Time)"
"439549","2026-10-01","Thursday","14:20","15:00","EDT (UTC-04:00); America/New_York","40","GTM","Main Stage","The Great Rethink: Prioritizing Learning Over Labor in the Next Era of Revenue Growth","Keynote Session","IN_PERSON","","","No description published","Monika Saha; Chief Commercial Officer; Articulate","Monika Saha: https://linkedin.com/in/monikasaha/","Monika Saha: Not published","","","https://apiro.accelevents.com/r/events/gtm2026/session/439549?expand=","Tue Sep 22 2026 12:40:00 GMT-0400 (Eastern Daylight Time)"
"441643","2026-10-01","Thursday","14:20","14:35","EDT (UTC-04:00); America/New_York","15","GTM","Spotlight Stage","Spotlight Stage Session: Build Versus Buy: The GTM AI Trap Nobody's Talking About","Expo","IN_PERSON","","","No description published","Jessika Klek; CRO; Common Room","Jessika Klek: https://linkedin.com/in/jessicaklek","Jessika Klek: Not published","","","https://apiro.accelevents.com/r/events/gtm2026/session/441643?expand=","Tue Sep 22 2026 12:40:01 GMT-0400 (Eastern Daylight Time)"
"448306","2026-10-01","Thursday","14:40","14:55","EDT (UTC-04:00); America/New_York","15","GTM","Spotlight Stage","Spotlight Stage Session: An AI Chief of Staff for Every Sales Leader (The Future of GTM)","Expo","IN_PERSON","Outreach gave every sales leader an AI Chief of Staff and here's what happened: they spent more time coaching, they found the right deals to support + forecast, and they were able to support their teams to grow seller output 70% YoY","","Full description published","Greg Bauman; Senior Director, Sales; Outreach","Greg Bauman: Not published","Greg Bauman: Not published","","","https://apiro.accelevents.com/r/events/gtm2026/session/448306?expand=","Tue Sep 22 2026 12:40:04 GMT-0400 (Eastern Daylight Time)"
"439560","2026-10-01","Thursday","15:05","15:45","EDT (UTC-04:00); America/New_York","40","GTM","Main Stage","Human Leadership in the Age of AI: A Fireside Chat with Nick Mehta & Sam Jacobs","Keynote Session","IN_PERSON","","","No description published","Sam Jacobs; CEO; Pavilion
Nick Mehta; ; ","Sam Jacobs: Not published
Nick Mehta: https://www.linkedin.com/in/nickmehta/","Sam Jacobs: Not published

Nick Mehta: Nick Mehta most recently explored agentic startup ideas as an Entrepreneur-in-Residence at Bessemer Venture Partners and as an advisor at Chemistry Ventures, after handing off the CEO role at Gainsight to his President and successor.

Prior to that, he spent 12.5 years co-founding and serving as CEO of Gainsight, the iconic company that defined the category of Customer Success for SaaS companies. Under Nick's leadership, the company scaled to $235M in Annual Recurring Revenue and $60M+ EBITDA. During its Venture Capital-backed era from 2013 to 2020, Gainsight raised $150M from top software investors including Battery Ventures, Bain Capital Ventures, Bessemer Venture Partners, Lightspeed Venture Partners, Insight Venture Partners and Salesforce Ventures. At the end of 2020, Vista Equity Partners acquired Gainsight for $1.1B in an all-cash transaction.

Gainsight championed the new role of Customer Success Management to help businesses maximize Net Revenue Retention. The Customer Success Manager (CSM) population in the world grew from a few thousand in 2013 to hundreds of thousands by 2025. Gainsight helped evangelize the category by publishing five books with Wiley Publishing on the topic, including 4 co-authored by Nick. Gainsight ran hundreds of Customer Success events, including the industry-standard conference, Pulse, which grew to thousands of attendees annually across the US and Europe.

Gainsight earned recognition for its world-class culture. Gainsight's 1100+ employees across the US, Canada, the UK, EMEA, India and Japan were passionate about its mission: ""to be living proof you can win in business, while being Human-First."" In 2023, it was recognized as the #1 Best Place to Work across all company sizes by Glassdoor.

Gainsight was a five-time Forbes Cloud 100 recipient. Nick was named the #2 CEO by the Software Report, had a 98% approval rating on Glassdoor and won the Enterpreneur of the Year Award for Northern California.

Prior to Gainsight, Nick was the CEO of Summit Partners-backed LiveOffice, which he sold to Symantec and he later served as a VP/GM at Symantec. He even co-founded a failed 1990s golf startup from his dorm room, which you should ask him about some time. He'll show you their hilarious dotcom commercial and you can ask where the venture capital dollars went.

In addition to his full-time roles, Nick serves on the boards of F5 (NASDAQ: FFIV), PubMatic (NASDAQ: PUBM), Gainsight, and the a16z-backed AI measurement company Larridin. Nick also co-founded the non-profit New Work Foundation to help young people navigate their careers in the world of AI.

Nick earned his Bachelor's in Biochemical Sciences Magna Cum Laude from Harvard College and Master's in Computer Science from Harvard University.

Outside of work, Nick is passionate about family, physics, philosophy, fiction, pop music and his Pittsburgh Steelers. People say there is no way to connect all of those interests with business, but he continues to try.

On a closing note, Nick's Indian-American mom would like to point out that he still has time to become a doctor.","","","https://apiro.accelevents.com/r/events/gtm2026/session/439560?expand=","Tue Sep 22 2026 12:40:00 GMT-0400 (Eastern Daylight Time)"
"439556","2026-10-01","Thursday","15:45","16:00","EDT (UTC-04:00); America/New_York","15","GTM","Main Stage","GTM Closing Remarks","Keynote Session","IN_PERSON","","","No description published","Sam Jacobs; CEO; Pavilion","Sam Jacobs: Not published","Sam Jacobs: Not published","","","https://apiro.accelevents.com/r/events/gtm2026/session/439556?expand=","Tue Sep 22 2026 12:40:00 GMT-0400 (Eastern Daylight Time)"
